station_id,name,capacity,lat,lon,region_id,short_name,rental_url,eightd_has_key_dispenser
72,"W 52 St & 11 Ave",39,40.7673,-73.9939,71,6926.01,http://app.citibikenyc.com/S6Lr/IBV092JufD?station_id=72,0
79,"Franklin St & W Broadway",33,40.7191,-74.0067,71,5430.08,http://app.citibikenyc.com/S6Lr/IBV092JufD?station_id=79,0
82,"St James Pl & Pearl St",27,40.7112,-74.0002,71,5167.06,http://app.citibikenyc.com/S6Lr/IBV092JufD?station_id=82,0
83,"Atlantic Ave & Fort Greene Pl",62,40.6838,-73.9763,71,4354.07,http://app.citibikenyc.com/S6Lr/IBV092JufD?station_id=83,0
119,"Park Ave & St Edwards St",19,40.6961,-73.978,71,4700.06,http://app.citibikenyc.com/S6Lr/IBV092JufD?station_id=119,0
120,"Lexington Ave & Classon Ave",19,40.6868,-73.9593,71,4452.03,http://app.citibikenyc.com/S6Lr/IBV092JufD?station_id=120,0
127,"Barrow St & Hudson St",31,40.7317,-74.0067,71,5805.05,http://app.citibikenyc.com/S6Lr/IBV092JufD?station_id=127,0
128,"MacDougal St & Prince St",30,40.7271,-74.003,71,5687.04,http://app.citibikenyc.com/S6Lr/IBV092JufD?station_id=128,0
143,"Clinton St & Joralemon St",24,40.6924,-73.9934,71,4605.04,http://app.citibikenyc.com/S6Lr/IBV092JufD?station_id=143,0
144,"Nassau St & Navy St",19,40.6984,-73.9807,71,4812.02,http://app.citibikenyc.com/S6Lr/IBV092JufD?station_id=144,0
146,"Hudson St & Reade St",39,40.7163,-74.0091,71,5359.10,http://app.citibikenyc.com/S6Lr/IBV092JufD?station_id=146,0
150,"E 2 St & Avenue C",29,40.7209,-73.9809,71,5476.03,http://app.citibikenyc.com/S6Lr/IBV092JufD?station_id=150,0
151,"Cleveland Pl & Spring St",33,40.7221,-73.9972,71,5492.05,http://app.citibikenyc.com/S6Lr/IBV092JufD?station_id=151,1
152,"Warren St & Church St",24,40.7147,-74.0091,71,5288.09,http://app.citibikenyc.com/S6Lr/IBV092JufD?station_id=152,0
157,"Henry St & Atlantic Ave",23,40.6909,-73.9961,71,4531.05,http://app.citibikenyc.com/S6Lr/IBV092JufD?station_id=157,0
161,"LaGuardia Pl & W 3 St",3,40.7292,-73.9981,71,5721.14,http://app.citibikenyc.com/S6Lr/IBV092JufD?station_id=161,0
164,"E 47 St & 2 Ave",47,40.7532,-73.9703,71,6498.10,http://app.citibikenyc.com/S6Lr/IBV092JufD?station_id=164,0
167,"E 39 St & 3 Ave",45,40.7489,-73.9761,71,6389.03,http://app.citibikenyc.com/S6Lr/IBV092JufD?station_id=167,0
168,"W 18 St & 6 Ave",47,40.7397,-73.9946,71,6064.08,http://app.citibikenyc.com/S6Lr/IBV092JufD?station_id=168,0
173,"Broadway & W 49 St",51,40.7607,-73.9845,71,6708.02,http://app.citibikenyc.com/S6Lr/IBV092JufD?station_id=173,0
174,"E 25 St & 1 Ave",30,40.7382,-73.9774,71,6004.07,http://app.citibikenyc.com/S6Lr/IBV092JufD?station_id=174,0
195,"Liberty St & Broadway",45,40.7091,-74.0104,71,5105.01,http://app.citibikenyc.com/S6Lr/IBV092JufD?station_id=195,0
212,"W 16 St & The High Line",28,40.7434,-74.0068,71,6233.05,http://app.citibikenyc.com/S6Lr/IBV092JufD?station_id=212,0
216,"Columbia Heights & Cranberry St",23,40.7004,-73.9955,71,4829.01,http://app.citibikenyc.com/S6Lr/IBV092JufD?station_id=216,0
217,"Old Fulton St",39,40.7028,-73.9938,71,4903.08,http://app.citibikenyc.com/S6Lr/IBV092JufD?station_id=217,1
223,"W 13 St & 7 Ave",33,40.7378,-73.9999,71,6030.04,http://app.citibikenyc.com/S6Lr/IBV092JufD?station_id=223,0
228,"E 48 St & 3 Ave",55,40.7546,-73.9719,71,6541.03,http://app.citibikenyc.com/S6Lr/IBV092JufD?station_id=228,0
229,"Great Jones St",23,40.7274,-73.9938,71,5636.11,http://app.citibikenyc.com/S6Lr/IBV092JufD?station_id=229,0
232,"Cadman Plaza E & Tillary St",23,40.696,-73.9902,71,4677.01,http://app.citibikenyc.com/S6Lr/IBV092JufD?station_id=232,1
236,"St Marks Pl & 2 Ave",39,40.7284,-73.9871,71,5669.10,http://app.citibikenyc.com/S6Lr/IBV092JufD?station_id=236,0
237,"E 11 St & 2 Ave",39,40.7305,-73.9867,71,5746.04,http://app.citibikenyc.com/S6Lr/IBV092JufD?station_id=237,0
238,"Bank St & Washington St",31,40.7362,-74.0086,71,5964.01,http://app.citibikenyc.com/S6Lr/IBV092JufD?station_id=238,0
239,"Willoughby St & Fleet St",31,40.692,-73.9813,71,4628.05,http://app.citibikenyc.com/S6Lr/IBV092JufD?station_id=239,0
241,"DeKalb Ave & S Portland Ave",23,40.6898,-73.9749,71,4546.04,http://app.citibikenyc.com/S6Lr/IBV092JufD?station_id=241,0
242,"Carlton Ave & Flushing Ave",23,40.6978,-73.9737,71,4732.08,http://app.citibikenyc.com/S6Lr/IBV092JufD?station_id=242,0
243,"Fulton St & Rockwell Pl",31,40.6882,-73.9794,71,4513.03,http://app.citibikenyc.com/S6Lr/IBV092JufD?station_id=243,0
244,"Willoughby Ave & Hall St",31,40.692,-73.9654,71,4611.03,http://app.citibikenyc.com/S6Lr/IBV092JufD?station_id=244,0
245,"Myrtle Ave & St Edwards St",23,40.6933,-73.977,71,4659.02,http://app.citibikenyc.com/S6Lr/IBV092JufD?station_id=245,0
247,"Perry St & Bleecker St",20,40.7354,-74.0048,71,5922.07,http://app.citibikenyc.com/S6Lr/IBV092JufD?station_id=247,0
248,"Laight St & Hudson St",23,40.7219,-74.0077,71,5539.06,http://app.citibikenyc.com/S6Lr/IBV092JufD?station_id=248,0
249,"Harrison St & Hudson St",27,40.7187,-74.009,71,5400.05,http://app.citibikenyc.com/S6Lr/IBV092JufD?station_id=249,0
251,"Mott St & Prince St",27,40.7232,-73.9948,71,5561.04,http://app.citibikenyc.com/S6Lr/IBV092JufD?station_id=251,0
252,"MacDougal St & Washington Sq",24,40.7323,-73.9985,71,5797.01,http://app.citibikenyc.com/S6Lr/IBV092JufD?station_id=252,0
253,"W 13 St & 5 Ave",55,40.7354,-73.9945,71,5947.02,http://app.citibikenyc.com/S6Lr/IBV092JufD?station_id=253,0
254,"W 11 St & 6 Ave",31,40.7353,-73.998,71,5914.03,http://app.citibikenyc.com/S6Lr/IBV092JufD?station_id=254,0
257,"Lispenard St & Broadway",39,40.7194,-74.0025,71,5391.06,http://app.citibikenyc.com/S6Lr/IBV092JufD?station_id=257,0
258,"DeKalb Ave & Vanderbilt Ave",23,40.6894,-73.9689,71,4461.04,http://app.citibikenyc.com/S6Lr/IBV092JufD?station_id=258,0
259,"South St & Whitehall St",39,40.7012,-74.0123,71,4846.01,http://app.citibikenyc.com/S6Lr/IBV092JufD?station_id=259,1
260,"Broad St & Bridge St",4,40.7037,-74.0117,71,4962.08,http://app.citibikenyc.com/S6Lr/IBV092JufD?station_id=260,0
261,"Johnson St & Gold St",27,40.6947,-73.9836,71,4668.08,http://app.citibikenyc.com/S6Lr/IBV092JufD?station_id=261,0
262,"Washington Park",24,40.6918,-73.9737,71,4546.05,http://app.citibikenyc.com/S6Lr/IBV092JufD?station_id=262,0
264,"Maiden Ln & Pearl St",27,40.7071,-74.0073,71,5065.10,http://app.citibikenyc.com/S6Lr/IBV092JufD?station_id=264,0
265,"Stanton St & Chrystie St",35,40.7223,-73.9915,71,5523.02,http://app.citibikenyc.com/S6Lr/IBV092JufD?station_id=265,0
266,"Avenue D & E 8 St",24,40.7237,-73.9757,71,5506.10,http://app.citibikenyc.com/S6Lr/IBV092JufD?station_id=266,0
267,"Broadway & W 36 St",57,40.751,-73.9877,71,6441.01,http://app.citibikenyc.com/S6Lr/IBV092JufD?station_id=267,0
268,"Howard St & Centre St",27,40.7191,-73.9997,71,5422.04,http://app.citibikenyc.com/S6Lr/IBV092JufD?station_id=268,0
270,"Adelphi St & Myrtle Ave",23,40.6931,-73.9718,71,4620.02,http://app.citibikenyc.com/S6Lr/IBV092JufD?station_id=270,0
274,"Lafayette Ave & Fort Greene Pl",31,40.6869,-73.9767,71,4395.04,http://app.citibikenyc.com/S6Lr/IBV092JufD?station_id=274,0
275,"Washington Ave & Greene Ave",19,40.6865,-73.9656,71,4419.03,http://app.citibikenyc.com/S6Lr/IBV092JufD?station_id=275,0
276,"Duane St & Greenwich St",25,40.7175,-74.0105,71,5400.08,http://app.citibikenyc.com/S6Lr/IBV092JufD?station_id=276,0
278,"Concord St & Bridge St",19,40.6977,-73.9848,71,4781.03,http://app.citibikenyc.com/S6Lr/IBV092JufD?station_id=278,0
279,"Peck Slip & Front St",36,40.7079,-74.0017,71,5098.10,http://app.citibikenyc.com/S6Lr/IBV092JufD?station_id=279,1
280,"E 10 St & 5 Ave",31,40.7333,-73.9951,71,5872.08,http://app.citibikenyc.com/S6Lr/IBV092JufD?station_id=280,0
281,"Grand Army Plaza & Central Park S",57,40.7644,-73.9737,71,6839.10,http://app.citibikenyc.com/S6Lr/IBV092JufD?station_id=281,1
282,"Kent Ave & S 11 St",27,40.7076,-73.9684,71,5062.01,http://app.citibikenyc.com/S6Lr/IBV092JufD?station_id=282,0
285,"Broadway & E 14 St",51,40.7345,-73.9907,71,5905.12,http://app.citibikenyc.com/S6Lr/IBV092JufD?station_id=285,0
289,"Monroe St & Classon Ave",19,40.6846,-73.9588,71,4336.01,http://app.citibikenyc.com/S6Lr/IBV092JufD?station_id=289,0
291,"Madison St & Montgomery St",20,40.7131,-73.9848,71,5262.09,http://app.citibikenyc.com/S6Lr/IBV092JufD?station_id=291,0
293,"Lafayette St & E 8 St",55,40.7302,-73.991,71,5788.13,http://app.citibikenyc.com/S6Lr/IBV092JufD?station_id=293,0
295,"Pike St & E Broadway",24,40.7141,-73.9929,71,5270.05,http://app.citibikenyc.com/S6Lr/IBV092JufD?station_id=295,0
296,"Division St & Bowery",35,40.7141,-73.997,71,5238.04,http://app.citibikenyc.com/S6Lr/IBV092JufD?station_id=296,0
297,"E 15 St & 3 Ave",27,40.7342,-73.9869,71,5863.07,http://app.citibikenyc.com/S6Lr/IBV092JufD?station_id=297,0
298,"3 Ave & Schermerhorn St",35,40.6868,-73.9797,71,4437.01,http://app.citibikenyc.com/S6Lr/IBV092JufD?station_id=298,0
301,"E 2 St & Avenue B",37,40.7222,-73.9837,71,5515.02,http://app.citibikenyc.com/S6Lr/IBV092JufD?station_id=301,0
302,"Avenue D & E 3 St",23,40.7208,-73.9779,71,5436.09,http://app.citibikenyc.com/S6Lr/IBV092JufD?station_id=302,0
303,"Mercer St & Spring St",31,40.7236,-73.9995,71,5532.01,http://app.citibikenyc.com/S6Lr/IBV092JufD?station_id=303,0
304,"Broadway & Battery Pl",33,40.7046,-74.0136,71,4962.01,http://app.citibikenyc.com/S6Lr/IBV092JufD?station_id=304,1
305,"E 58 St & 3 Ave",33,40.761,-73.9672,71,6762.02,http://app.citibikenyc.com/S6Lr/IBV092JufD?station_id=305,0
306,"Cliff St & Fulton St",17,40.7082,-74.0053,71,5065.13,http://app.citibikenyc.com/S6Lr/IBV092JufD?station_id=306,0
307,"Canal St & Rutgers St",30,40.7143,-73.9899,71,5303.08,http://app.citibikenyc.com/S6Lr/IBV092JufD?station_id=307,0
308,"St James Pl & Oliver St",27,40.7131,-73.9985,71,5238.05,http://app.citibikenyc.com/S6Lr/IBV092JufD?station_id=308,0
309,"Murray St & West St",41,40.715,-74.013,71,5329.06,http://app.citibikenyc.com/S6Lr/IBV092JufD?station_id=309,0
310,"State St & Smith St",36,40.6893,-73.9891,71,4565.06,http://app.citibikenyc.com/S6Lr/IBV092JufD?station_id=310,0
311,"Norfolk St & Broome St",31,40.7172,-73.988,71,5374.01,http://app.citibikenyc.com/S6Lr/IBV092JufD?station_id=311,0
312,"Allen St & Stanton St",31,40.7221,-73.9891,71,5484.09,http://app.citibikenyc.com/S6Lr/IBV092JufD?station_id=312,0
313,"Washington Ave & Park Ave",23,40.6961,-73.9675,71,4724.03,http://app.citibikenyc.com/S6Lr/IBV092JufD?station_id=313,0
314,"Cadman Plaza West & Montague St",39,40.6938,-73.9905,71,4677.07,http://app.citibikenyc.com/S6Lr/IBV092JufD?station_id=314,0
315,"South St & Gouverneur Ln",29,40.7036,-74.0067,71,4953.04,http://app.citibikenyc.com/S6Lr/IBV092JufD?station_id=315,0
316,"Fulton St & William St",43,40.7096,-74.0065,71,5137.11,http://app.citibikenyc.com/S6Lr/IBV092JufD?station_id=316,0
317,"E 6 St & Avenue B",27,40.7245,-73.9819,71,5584.04,http://app.citibikenyc.com/S6Lr/IBV092JufD?station_id=317,0
319,"Fulton St & Broadway",33,40.7111,-74.0094,71,5175.08,http://app.citibikenyc.com/S6Lr/IBV092JufD?station_id=319,0
320,"Leonard St & Church St",27,40.7176,-74.0055,71,5359.11,http://app.citibikenyc.com/S6Lr/IBV092JufD?station_id=320,0
321,"Cadman Plaza E & Red Cross Pl",27,40.6999,-73.9897,71,4821.06,http://app.citibikenyc.com/S6Lr/IBV092JufD?station_id=321,1
322,"Clinton St & Tillary St",31,40.6962,-73.9912,71,4748.04,http://app.citibikenyc.com/S6Lr/IBV092JufD?station_id=322,0
323,"Lawrence St & Willoughby St",3,40.6924,-73.9863,71,4596.09,http://app.citibikenyc.com/S6Lr/IBV092JufD?station_id=323,0
324,"DeKalb Ave & Hudson Ave",51,40.6899,-73.981,71,4513.06,http://app.citibikenyc.com/S6Lr/IBV092JufD?station_id=324,0
325,"E 19 St & 3 Ave",35,40.7362,-73.9847,71,5938.01,http://app.citibikenyc.com/S6Lr/IBV092JufD?station_id=325,0
326,"E 11 St & 1 Ave",27,40.7295,-73.9843,71,5746.14,http://app.citibikenyc.com/S6Lr/IBV092JufD?station_id=326,0
327,"Vesey Pl & River Terrace",39,40.7153,-74.0166,71,5297.02,http://app.citibikenyc.com/S6Lr/IBV092JufD?station_id=327,0
328,"Watts St & Greenwich St",23,40.7241,-74.0097,71,5578.02,http://app.citibikenyc.com/S6Lr/IBV092JufD?station_id=328,0
330,"Reade St & Broadway",39,40.7145,-74.0056,71,5247.10,http://app.citibikenyc.com/S6Lr/IBV092JufD?station_id=330,0
331,"Pike St & Monroe St",27,40.7117,-73.9919,71,5159.04,http://app.citibikenyc.com/S6Lr/IBV092JufD?station_id=331,0
332,"Cherry St",24,40.7122,-73.9795,71,5181.04,http://app.citibikenyc.com/S6Lr/IBV092JufD?station_id=332,0
334,"W 20 St & 7 Ave",31,40.7424,-73.9973,71,6182.02,http://app.citibikenyc.com/S6Lr/IBV092JufD?station_id=334,0
335,"Washington Pl & Broadway",27,40.729,-73.994,71,5755.01,http://app.citibikenyc.com/S6Lr/IBV092JufD?station_id=335,0
336,"Sullivan St & Washington Sq",36,40.7305,-73.9991,71,5721.01,http://app.citibikenyc.com/S6Lr/IBV092JufD?station_id=336,0
337,"Old Slip & Front St",37,40.7038,-74.0084,71,4993.12,http://app.citibikenyc.com/S6Lr/IBV092JufD?station_id=337,0
339,"Avenue D & E 12 St",24,40.7258,-73.9742,71,5575.08,http://app.citibikenyc.com/S6Lr/IBV092JufD?station_id=339,0
340,"Madison St & Clinton St",27,40.7127,-73.9878,71,5190.07,http://app.citibikenyc.com/S6Lr/IBV092JufD?station_id=340,0
341,"Stanton St & Mangin St",19,40.7178,-73.9763,71,5326.06,http://app.citibikenyc.com/S6Lr/IBV092JufD?station_id=341,0
342,"Columbia St & Rivington St",29,40.7174,-73.9802,71,5365.02,http://app.citibikenyc.com/S6Lr/IBV092JufD?station_id=342,0
343,"Clinton Ave & Flushing Ave",23,40.6979,-73.9699,71,4762.04,http://app.citibikenyc.com/S6Lr/IBV092JufD?station_id=343,0
344,"Monroe St & Bedford Ave",23,40.6851,-73.9538,71,4368.05,http://app.citibikenyc.com/S6Lr/IBV092JufD?station_id=344,0
345,"W 13 St & 6 Ave",35,40.7365,-73.997,71,5989.01,http://app.citibikenyc.com/S6Lr/IBV092JufD?station_id=345,0
346,"Bank St & Hudson St",27,40.7365,-74.0062,71,5922.08,http://app.citibikenyc.com/S6Lr/IBV092JufD?station_id=346,0
347,"Greenwich St & W Houston St",35,40.7288,-74.0086,71,5730.08,http://app.citibikenyc.com/S6Lr/IBV092JufD?station_id=347,0
349,"Rivington St & Ridge St",23,40.7185,-73.9833,71,5406.02,http://app.citibikenyc.com/S6Lr/IBV092JufD?station_id=349,0
350,"Clinton St & Grand St",28,40.7156,-73.987,71,5303.06,http://app.citibikenyc.com/S6Lr/IBV092JufD?station_id=350,0
351,"Front St & Maiden Ln",39,40.7053,-74.0061,71,5024.08,http://app.citibikenyc.com/S6Lr/IBV092JufD?station_id=351,0
353,"S Portland Ave & Hanson Pl",27,40.6854,-73.9743,71,4354.05,http://app.citibikenyc.com/S6Lr/IBV092JufD?station_id=353,0
354,"Emerson Pl & Myrtle Ave",23,40.6936,-73.9622,71,4683.02,http://app.citibikenyc.com/S6Lr/IBV092JufD?station_id=354,0
355,"Bayard St & Baxter St",43,40.716,-73.9997,71,5351.03,http://app.citibikenyc.com/S6Lr/IBV092JufD?station_id=355,0
356,"Bialystoker Pl & Delancey St",23,40.7162,-73.9826,71,5335.03,http://app.citibikenyc.com/S6Lr/IBV092JufD?station_id=356,0
357,"E 11 St & Broadway",27,40.7326,-73.9916,71,5829.12,http://app.citibikenyc.com/S6Lr/IBV092JufD?station_id=357,0
358,"Christopher St & Greenwich St",36,40.7329,-74.0071,71,5847.01,http://app.citibikenyc.com/S6Lr/IBV092JufD?station_id=358,0
359,"E 47 St & Park Ave",53,40.7551,-73.975,71,6584.12,http://app.citibikenyc.com/S6Lr/IBV092JufD?station_id=359,0
360,"William St & Pine St",39,40.7072,-74.0089,71,5065.12,http://app.citibikenyc.com/S6Lr/IBV092JufD?station_id=360,0
361,"Allen St & Hester St",43,40.7161,-73.9919,71,5342.10,http://app.citibikenyc.com/S6Lr/IBV092JufD?station_id=361,0
362,"Broadway & W 37 St",57,40.7517,-73.9875,71,6441.02,http://app.citibikenyc.com/S6Lr/IBV092JufD?station_id=362,0
363,"West Thames St",49,40.7083,-74.0171,71,5114.06,http://app.citibikenyc.com/S6Lr/IBV092JufD?station_id=363,0
364,"Lafayette Ave & Classon Ave",27,40.689,-73.9602,71,4452.01,http://app.citibikenyc.com/S6Lr/IBV092JufD?station_id=364,0
365,"Fulton St & Grand Ave",31,40.6822,-73.9615,71,4263.10,http://app.citibikenyc.com/S6Lr/IBV092JufD?station_id=365,0
366,"Clinton Ave & Myrtle Ave",33,40.6933,-73.9689,71,4651.02,http://app.citibikenyc.com/S6Lr/IBV092JufD?station_id=366,0
368,"Carmine St & 6 Ave",39,40.7304,-74.0022,71,5763.03,http://app.citibikenyc.com/S6Lr/IBV092JufD?station_id=368,0
369,"Washington Pl & 6 Ave",35,40.7322,-74.0003,71,5838.09,http://app.citibikenyc.com/S6Lr/IBV092JufD?station_id=369,0
372,"Franklin Ave & Myrtle Ave",27,40.6945,-73.958,71,4715.01,http://app.citibikenyc.com/S6Lr/IBV092JufD?station_id=372,0
373,"Willoughby Ave & Walworth St",19,40.6933,-73.9538,71,4634.02,http://app.citibikenyc.com/S6Lr/IBV092JufD?station_id=373,0
376,"John St & William St",43,40.7086,-74.0072,71,5065.04,http://app.citibikenyc.com/S6Lr/IBV092JufD?station_id=376,0
377,"6 Ave & Canal St",45,40.7224,-74.0057,71,5500.07,http://app.citibikenyc.com/S6Lr/IBV092JufD?station_id=377,0
379,"W 31 St & 7 Ave",42,40.7492,-73.9916,71,6331.01,http://app.citibikenyc.com/S6Lr/IBV092JufD?station_id=379,0
380,"W 4 St & 7 Ave S",39,40.734,-74.0029,71,5880.02,http://app.citibikenyc.com/S6Lr/IBV092JufD?station_id=380,0
382,"University Pl & E 14 St",36,40.7349,-73.992,71,5905.11,http://app.citibikenyc.com/S6Lr/IBV092JufD?station_id=382,0
383,"Greenwich Ave & Charles St",39,40.7352,-74.0003,71,5914.08,http://app.citibikenyc.com/S6Lr/IBV092JufD?station_id=383,0
386,"Centre St & Worth St",43,40.7149,-74.0023,71,5279.03,http://app.citibikenyc.com/S6Lr/IBV092JufD?station_id=386,0
387,"Centre St & Chambers St",39,40.7127,-74.0046,71,5207.01,http://app.citibikenyc.com/S6Lr/IBV092JufD?station_id=387,0
388,"W 26 St & 10 Ave",35,40.7497,-74.003,71,6382.05,http://app.citibikenyc.com/S6Lr/IBV092JufD?station_id=388,0
389,"Broadway & Berry St",27,40.7104,-73.9652,71,5164.04,http://app.citibikenyc.com/S6Lr/IBV092JufD?station_id=389,0
390,"Duffield St & Willoughby St",31,40.6922,-73.9843,71,4596.05,http://app.citibikenyc.com/S6Lr/IBV092JufD?station_id=390,0
391,"Clark St & Henry St",31,40.6976,-73.9934,71,4789.03,http://app.citibikenyc.com/S6Lr/IBV092JufD?station_id=391,0
392,"Jay St & Tech Pl",35,40.6951,-73.9872,71,4710.06,http://app.citibikenyc.com/S6Lr/IBV092JufD?station_id=392,0
393,"E 5 St & Avenue C",31,40.723,-73.98,71,5545.04,http://app.citibikenyc.com/S6Lr/IBV092JufD?station_id=393,0
394,"E 9 St & Avenue C",32,40.7252,-73.9777,71,5616.01,http://app.citibikenyc.com/S6Lr/IBV092JufD?station_id=394,0
396,"Lefferts Pl & Franklin Ave",25,40.6803,-73.9558,71,4222.02,http://app.citibikenyc.com/S6Lr/IBV092JufD?station_id=396,0
397,"Fulton St & Clermont Ave",27,40.6842,-73.9692,71,4386.05,http://app.citibikenyc.com/S6Lr/IBV092JufD?station_id=397,0
398,"Atlantic Ave & Furman St",31,40.6917,-74,71,4614.04,http://app.citibikenyc.com/S6Lr/IBV092JufD?station_id=398,0
399,"Lafayette Ave & St James Pl",27,40.6885,-73.9648,71,4494.04,http://app.citibikenyc.com/S6Lr/IBV092JufD?station_id=399,0
400,"Pitt St & Stanton St",15,40.7193,-73.9818,71,5406.04,http://app.citibikenyc.com/S6Lr/IBV092JufD?station_id=400,0
401,"Allen St & Rivington St",42,40.7202,-73.99,71,5414.06,http://app.citibikenyc.com/S6Lr/IBV092JufD?station_id=401,0
402,"Broadway & E 22 St",39,40.7403,-73.9895,71,6098.07,http://app.citibikenyc.com/S6Lr/IBV092JufD?station_id=402,0
403,"E 2 St & 2 Ave",31,40.725,-73.9907,71,5593.02,http://app.citibikenyc.com/S6Lr/IBV092JufD?station_id=403,0
405,"Washington St & Gansevoort St",40,40.7393,-74.0081,71,6039.06,http://app.citibikenyc.com/S6Lr/IBV092JufD?station_id=405,1
406,"Hicks St & Montague St",34,40.6951,-73.9959,71,4645.09,http://app.citibikenyc.com/S6Lr/IBV092JufD?station_id=406,0
407,"Henry St & Poplar St",37,40.7005,-73.9915,71,4861.04,http://app.citibikenyc.com/S6Lr/IBV092JufD?station_id=407,0
408,"Market St & Cherry St",23,40.7108,-73.994,71,5198.04,http://app.citibikenyc.com/S6Lr/IBV092JufD?station_id=408,0
409,"DeKalb Ave & Skillman St",19,40.6907,-73.9564,71,4528.05,http://app.citibikenyc.com/S6Lr/IBV092JufD?station_id=409,0
410,"Suffolk St & Stanton St",35,40.7207,-73.9852,71,5445.02,http://app.citibikenyc.com/S6Lr/IBV092JufD?station_id=410,0
411,"E 6 St & Avenue D",23,40.7223,-73.9767,71,5506.14,http://app.citibikenyc.com/S6Lr/IBV092JufD?station_id=411,0
412,"Forsyth St & Canal St",29,40.7158,-73.9942,71,5270.07,http://app.citibikenyc.com/S6Lr/IBV092JufD?station_id=412,0
414,"Pearl St & Anchorage Pl",24,40.7028,-73.9877,71,4936.12,http://app.citibikenyc.com/S6Lr/IBV092JufD?station_id=414,0
415,"Pearl St & Hanover Square",42,40.7047,-74.0093,71,4993.02,http://app.citibikenyc.com/S6Lr/IBV092JufD?station_id=415,0
416,"Cumberland St & Lafayette Ave",31,40.6875,-73.9726,71,4428.02,http://app.citibikenyc.com/S6Lr/IBV092JufD?station_id=416,0
417,"Barclay St & Church St",23,40.7129,-74.0102,71,5216.04,http://app.citibikenyc.com/S6Lr/IBV092JufD?station_id=417,0
418,"Front St & Gold St",23,40.7022,-73.9826,71,4927.04,http://app.citibikenyc.com/S6Lr/IBV092JufD?station_id=418,0
419,"Carlton Ave & Park Ave",23,40.6958,-73.9736,71,4732.04,http://app.citibikenyc.com/S6Lr/IBV092JufD?station_id=419,0
420,"Clermont Ave & Lafayette Ave",23,40.6876,-73.9697,71,4461.01,http://app.citibikenyc.com/S6Lr/IBV092JufD?station_id=420,0
421,"Clermont Ave & Park Ave",19,40.6957,-73.9713,71,4692.01,http://app.citibikenyc.com/S6Lr/IBV092JufD?station_id=421,0
422,"W 59 St & 10 Ave",55,40.7705,-73.988,71,7023.04,http://app.citibikenyc.com/S6Lr/IBV092JufD?station_id=422,0
423,"W 54 St & 9 Ave",27,40.7659,-73.9869,71,6920.03,http://app.citibikenyc.com/S6Lr/IBV092JufD?station_id=423,0
426,"West St & Chambers St",29,40.7175,-74.0132,71,5329.03,http://app.citibikenyc.com/S6Lr/IBV092JufD?station_id=426,1
427,"Bus Slip & State St",47,40.7019,-74.0139,71,4889.06,http://app.citibikenyc.com/S6Lr/IBV092JufD?station_id=427,0
432,"E 7 St & Avenue A",31,40.7262,-73.9838,71,5626.07,http://app.citibikenyc.com/S6Lr/IBV092JufD?station_id=432,0
433,"E 13 St & Avenue A",39,40.7296,-73.9806,71,5779.04,http://app.citibikenyc.com/S6Lr/IBV092JufD?station_id=433,0
435,"W 21 St & 6 Ave",47,40.7417,-73.9942,71,6140.05,http://app.citibikenyc.com/S6Lr/IBV092JufD?station_id=435,1
436,"Hancock St & Bedford Ave",27,40.6822,-73.954,71,4255.05,http://app.citibikenyc.com/S6Lr/IBV092JufD?station_id=436,0
437,"Macon St & Nostrand Ave",24,40.681,-73.9501,71,4214.03,http://app.citibikenyc.com/S6Lr/IBV092JufD?station_id=437,0
438,"St Marks Pl & 1 Ave",41,40.7278,-73.9856,71,5626.13,http://app.citibikenyc.com/S6Lr/IBV092JufD?station_id=438,0
439,"E 4 St & 2 Ave",3,40.7263,-73.9898,71,5593.04,http://app.citibikenyc.com/S6Lr/IBV092JufD?station_id=439,0
440,"E 45 St & 3 Ave",32,40.7526,-73.9728,71,6464.08,http://app.citibikenyc.com/S6Lr/IBV092JufD?station_id=440,0
441,"E 52 St & 2 Ave",35,40.756,-73.9674,71,6575.06,http://app.citibikenyc.com/S6Lr/IBV092JufD?station_id=441,0
442,"W 27 St & 7 Ave",51,40.7466,-73.9939,71,6247.06,http://app.citibikenyc.com/S6Lr/IBV092JufD?station_id=442,0
443,"Bedford Ave & S 9 St",23,40.7085,-73.9641,71,5093.01,http://app.citibikenyc.com/S6Lr/IBV092JufD?station_id=443,0
445,"E 10 St & Avenue A",52,40.7274,-73.9814,71,5659.05,http://app.citibikenyc.com/S6Lr/IBV092JufD?station_id=445,0
446,"W 24 St & 7 Ave",39,40.7449,-73.9953,71,6257.03,http://app.citibikenyc.com/S6Lr/IBV092JufD?station_id=446,0
447,"8 Ave & W 52 St",23,40.7637,-73.9852,71,6816.07,http://app.citibikenyc.com/S6Lr/IBV092JufD?station_id=447,0
448,"W 37 St & 10 Ave",31,40.7566,-73.9979,71,6611.02,http://app.citibikenyc.com/S6Lr/IBV092JufD?station_id=448,0
449,"W 52 St & 9 Ave",5,40.7646,-73.9879,71,6854.02,http://app.citibikenyc.com/S6Lr/IBV092JufD?station_id=449,0
450,"W 49 St & 8 Ave",59,40.7623,-73.9879,71,6747.06,http://app.citibikenyc.com/S6Lr/IBV092JufD?station_id=450,0
453,"W 22 St & 8 Ave",39,40.7448,-73.9992,71,6224.03,http://app.citibikenyc.com/S6Lr/IBV092JufD?station_id=453,0
454,"E 51 St & 1 Ave",35,40.7546,-73.9659,71,6532.06,http://app.citibikenyc.com/S6Lr/IBV092JufD?station_id=454,0
455,"1 Ave & E 44 St",39,40.75,-73.9691,71,6379.03,http://app.citibikenyc.com/S6Lr/IBV092JufD?station_id=455,0
456,"E 53 St & Madison Ave",35,40.7597,-73.974,71,6659.03,http://app.citibikenyc.com/S6Lr/IBV092JufD?station_id=456,0
457,"Broadway & W 58 St",39,40.767,-73.9817,71,6948.10,http://app.citibikenyc.com/S6Lr/IBV092JufD?station_id=457,0
458,"11 Ave & W 27 St",31,40.7514,-74.0052,71,6425.04,http://app.citibikenyc.com/S6Lr/IBV092JufD?station_id=458,0
459,"W 20 St & 11 Ave",49,40.7467,-74.0078,71,6306.07,http://app.citibikenyc.com/S6Lr/IBV092JufD?station_id=459,1
460,"S 4 St & Wythe Ave",23,40.7129,-73.9659,71,5204.05,http://app.citibikenyc.com/S6Lr/IBV092JufD?station_id=460,0
461,"E 20 St & 2 Ave",39,40.7359,-73.982,71,5971.08,http://app.citibikenyc.com/S6Lr/IBV092JufD?station_id=461,0
462,"W 22 St & 10 Ave",47,40.7469,-74.0045,71,6306.06,http://app.citibikenyc.com/S6Lr/IBV092JufD?station_id=462,0
465,"Broadway & W 41 St",39,40.7551,-73.9866,71,6560.01,http://app.citibikenyc.com/S6Lr/IBV092JufD?station_id=465,0
466,"W 25 St & 6 Ave",35,40.744,-73.9914,71,6215.04,http://app.citibikenyc.com/S6Lr/IBV092JufD?station_id=466,0
467,"Dean St & 4 Ave",34,40.6831,-73.979,71,4322.02,http://app.citibikenyc.com/S6Lr/IBV092JufD?station_id=467,0
468,"Broadway & W 56 St",49,40.7653,-73.9819,71,6847.02,http://app.citibikenyc.com/S6Lr/IBV092JufD?station_id=468,0
469,"Broadway & W 53 St",57,40.7634,-73.9827,71,6779.05,http://app.citibikenyc.com/S6Lr/IBV092JufD?station_id=469,0
470,"W 20 St & 8 Ave",38,40.7435,-74,71,6224.05,http://app.citibikenyc.com/S6Lr/IBV092JufD?station_id=470,0
471,"Grand St & Havemeyer St",31,40.7129,-73.957,71,5267.08,http://app.citibikenyc.com/S6Lr/IBV092JufD?station_id=471,0
472,"E 32 St & Park Ave",41,40.7457,-73.9819,71,6280.12,http://app.citibikenyc.com/S6Lr/IBV092JufD?station_id=472,0
473,"Rivington St & Chrystie St",38,40.7211,-73.9919,71,5453.01,http://app.citibikenyc.com/S6Lr/IBV092JufD?station_id=473,0
474,"5 Ave & E 29 St",47,40.7452,-73.9868,71,6248.06,http://app.citibikenyc.com/S6Lr/IBV092JufD?station_id=474,0
476,"E 31 St & 3 Ave",47,40.7439,-73.9797,71,6239.08,http://app.citibikenyc.com/S6Lr/IBV092JufD?station_id=476,0
477,"W 41 St & 8 Ave",59,40.7564,-73.99,71,6602.03,http://app.citibikenyc.com/S6Lr/IBV092JufD?station_id=477,0
478,"11 Ave & W 41 St",31,40.7603,-73.9988,71,6726.01,http://app.citibikenyc.com/S6Lr/IBV092JufD?station_id=478,0
479,"9 Ave & W 45 St",31,40.7602,-73.9913,71,6717.06,http://app.citibikenyc.com/S6Lr/IBV092JufD?station_id=479,0
480,"W 53 St & 10 Ave",27,40.7667,-73.9906,71,6890.01,http://app.citibikenyc.com/S6Lr/IBV092JufD?station_id=480,0
481,"S 3 St & Bedford Ave",25,40.7126,-73.9626,71,5235.05,http://app.citibikenyc.com/S6Lr/IBV092JufD?station_id=481,0
482,"W 15 St & 7 Ave",39,40.7394,-73.9993,71,6030.06,http://app.citibikenyc.com/S6Lr/IBV092JufD?station_id=482,0
483,"E 12 St & 3 Ave",35,40.7322,-73.9889,71,5788.12,http://app.citibikenyc.com/S6Lr/IBV092JufD?station_id=483,0
484,"W 44 St & 5 Ave",44,40.755,-73.9801,71,6551.02,http://app.citibikenyc.com/S6Lr/IBV092JufD?station_id=484,0
485,"W 37 St & 5 Ave",39,40.7504,-73.9834,71,6398.06,http://app.citibikenyc.com/S6Lr/IBV092JufD?station_id=485,0
486,"Broadway & W 29 St",39,40.7462,-73.9886,71,6289.06,http://app.citibikenyc.com/S6Lr/IBV092JufD?station_id=486,0
487,"E 20 St & FDR Drive",36,40.7331,-73.9757,71,5886.02,http://app.citibikenyc.com/S6Lr/IBV092JufD?station_id=487,0
490,"8 Ave & W 33 St",59,40.7516,-73.9939,71,6450.12,http://app.citibikenyc.com/S6Lr/IBV092JufD?station_id=490,0
491,"E 24 St & Park Ave S",51,40.741,-73.986,71,6131.10,http://app.citibikenyc.com/S6Lr/IBV092JufD?station_id=491,0
492,"W 33 St & 7 Ave",61,40.7502,-73.9909,71,6407.07,http://app.citibikenyc.com/S6Lr/IBV092JufD?station_id=492,0
494,"W 26 St & 8 Ave",35,40.7473,-73.9972,71,6297.02,http://app.citibikenyc.com/S6Lr/IBV092JufD?station_id=494,0
495,"W 47 St & 10 Ave",25,40.7627,-73.993,71,6824.07,http://app.citibikenyc.com/S6Lr/IBV092JufD?station_id=495,0
496,"E 16 St & 5 Ave",47,40.7373,-73.9924,71,6022.04,http://app.citibikenyc.com/S6Lr/IBV092JufD?station_id=496,0
497,"E 17 St & Broadway",59,40.737,-73.9901,71,5980.07,http://app.citibikenyc.com/S6Lr/IBV092JufD?station_id=497,0
498,"Broadway & W 32 St",30,40.7486,-73.9881,71,6364.09,http://app.citibikenyc.com/S6Lr/IBV092JufD?station_id=498,0
499,"Broadway & W 60 St",36,40.7692,-73.9819,71,6948.11,http://app.citibikenyc.com/S6Lr/IBV092JufD?station_id=499,1
500,"Broadway & W 51 St",52,40.7623,-73.9834,71,6779.04,http://app.citibikenyc.com/S6Lr/IBV092JufD?station_id=500,0
501,"FDR Drive & E 35 St",43,40.7442,-73.9712,71,6230.04,http://app.citibikenyc.com/S6Lr/IBV092JufD?station_id=501,0
502,"Henry St & Grand St",30,40.7142,-73.9813,71,5294.04,http://app.citibikenyc.com/S6Lr/IBV092JufD?station_id=502,0
503,"E 20 St & Park Ave",29,40.7383,-73.9875,71,6055.08,http://app.citibikenyc.com/S6Lr/IBV092JufD?station_id=503,0
504,"1 Ave & E 16 St",45,40.7322,-73.9817,71,5779.08,http://app.citibikenyc.com/S6Lr/IBV092JufD?station_id=504,0
505,"6 Ave & W 33 St",36,40.749,-73.9885,71,6364.07,http://app.citibikenyc.com/S6Lr/IBV092JufD?station_id=505,1
507,"E 25 St & 2 Ave",45,40.7391,-73.9797,71,6046.02,http://app.citibikenyc.com/S6Lr/IBV092JufD?station_id=507,0
508,"W 46 St & 11 Ave",24,40.7634,-73.9967,71,6795.01,http://app.citibikenyc.com/S6Lr/IBV092JufD?station_id=508,0
509,"9 Ave & W 22 St",36,40.7455,-74.002,71,6266.06,http://app.citibikenyc.com/S6Lr/IBV092JufD?station_id=509,0
513,"W 56 St & 10 Ave",27,40.7683,-73.9886,71,6955.01,http://app.citibikenyc.com/S6Lr/IBV092JufD?station_id=513,0
514,"12 Ave & W 40 St",52,40.7609,-74.0028,71,6765.01,http://app.citibikenyc.com/S6Lr/IBV092JufD?station_id=514,1
515,"W 43 St & 10 Ave",35,40.7601,-73.9946,71,6756.01,http://app.citibikenyc.com/S6Lr/IBV092JufD?station_id=515,0
516,"E 47 St & 1 Ave",31,40.7521,-73.9678,71,6498.09,http://app.citibikenyc.com/S6Lr/IBV092JufD?station_id=516,0
517,"Pershing Square South",59,40.7516,-73.9779,71,6432.08,http://app.citibikenyc.com/S6Lr/IBV092JufD?station_id=517,0
518,"E 39 St & 2 Ave",39,40.7478,-73.9734,71,6345.01,http://app.citibikenyc.com/S6Lr/IBV092JufD?station_id=518,0
519,"Pershing Square North",61,40.7519,-73.9777,71,6432.09,http://app.citibikenyc.com/S6Lr/IBV092JufD?station_id=519,1
520,"W 52 St & 5 Ave",39,40.7599,-73.9765,71,6700.01,http://app.citibikenyc.com/S6Lr/IBV092JufD?station_id=520,0
522,"E 51 St & Lexington Ave",2,40.7571,-73.9721,71,6659.01,http://app.citibikenyc.com/S6Lr/IBV092JufD?station_id=522,0
523,"W 38 St & 8 Ave",51,40.7547,-73.9914,71,6526.03,http://app.citibikenyc.com/S6Lr/IBV092JufD?station_id=523,0
524,"W 43 St & 6 Ave",57,40.7553,-73.9832,71,6593.14,http://app.citibikenyc.com/S6Lr/IBV092JufD?station_id=524,0
525,"W 34 St & 11 Ave",39,40.7559,-74.0021,71,6578.01,http://app.citibikenyc.com/S6Lr/IBV092JufD?station_id=525,0
526,"E 33 St & 5 Ave",39,40.7477,-73.9849,71,6322.01,http://app.citibikenyc.com/S6Lr/IBV092JufD?station_id=526,0
528,"2 Ave & E 31 St",39,40.7429,-73.9771,71,6197.02,http://app.citibikenyc.com/S6Lr/IBV092JufD?station_id=528,0
529,"W 42 St & 8 Ave",41,40.7576,-73.991,71,6602.05,http://app.citibikenyc.com/S6Lr/IBV092JufD?station_id=529,0
530,"11 Ave & W 59 St",23,40.7715,-73.9905,71,7059.01,http://app.citibikenyc.com/S6Lr/IBV092JufD?station_id=530,0
531,"Forsyth St & Broome St",39,40.7189,-73.9927,71,5453.05,http://app.citibikenyc.com/S6Lr/IBV092JufD?station_id=531,0
532,"S 5 Pl & S 5 St",43,40.7104,-73.9609,71,5125.03,http://app.citibikenyc.com/S6Lr/IBV092JufD?station_id=532,1
533,"Broadway & W 38 St",46,40.753,-73.9872,71,6441.05,http://app.citibikenyc.com/S6Lr/IBV092JufD?station_id=533,0
534,"Water - Whitehall Plaza",31,40.7025,-74.0127,71,4962.04,http://app.citibikenyc.com/S6Lr/IBV092JufD?station_id=534,0
536,"1 Ave & E 30 St",29,40.7414,-73.9754,71,6079.03,http://app.citibikenyc.com/S6Lr/IBV092JufD?station_id=536,0
537,"Lexington Ave & E 24 St",39,40.7403,-73.9841,71,6089.07,http://app.citibikenyc.com/S6Lr/IBV092JufD?station_id=537,0
539,"Metropolitan Ave & Bedford Ave",31,40.7153,-73.9602,71,5308.04,http://app.citibikenyc.com/S6Lr/IBV092JufD?station_id=539,0
540,"Lexington Ave & E 29 St",30,40.7431,-73.9822,71,6164.09,http://app.citibikenyc.com/S6Lr/IBV092JufD?station_id=540,0
545,"E 23 St & 1 Ave",27,40.7365,-73.9781,71,5929.01,http://app.citibikenyc.com/S6Lr/IBV092JufD?station_id=545,0
546,"E 30 St & Park Ave S",8,40.7444,-73.983,71,6206.08,http://app.citibikenyc.com/S6Lr/IBV092JufD?station_id=546,0
2000,"Front St & Washington St",30,40.7025,-73.9894,71,4936.01,http://app.citibikenyc.com/S6Lr/IBV092JufD?station_id=2000,0
2001,"Sands St & Navy St",15,40.6998,-73.9799,71,4812.03,http://app.citibikenyc.com/S6Lr/IBV092JufD?station_id=2001,0
2002,"Wythe Ave & Metropolitan Ave",27,40.7169,-73.9632,71,5348.02,http://app.citibikenyc.com/S6Lr/IBV092JufD?station_id=2002,0
2003,"1 Ave & E 18 St",39,40.7338,-73.9805,71,5854.09,http://app.citibikenyc.com/S6Lr/IBV092JufD?station_id=2003,0
2005,"Railroad Ave & Kay Ave",12,40.7053,-73.971,71,4990.01,http://app.citibikenyc.com/S6Lr/IBV092JufD?station_id=2005,0
2006,"Central Park S & 6 Ave",49,40.7659,-73.9763,71,6876.04,http://app.citibikenyc.com/S6Lr/IBV092JufD?station_id=2006,1
2008,"Little West St & 1 Pl",24,40.7057,-74.0168,71,5001.08,http://app.citibikenyc.com/S6Lr/IBV092JufD?station_id=2008,1
2009,"Catherine St & Monroe St",35,40.7112,-73.9968,71,5128.04,http://app.citibikenyc.com/S6Lr/IBV092JufD?station_id=2009,0
2010,"Grand St & Greene St",39,40.7217,-74.0023,71,5500.02,http://app.citibikenyc.com/S6Lr/IBV092JufD?station_id=2010,0
2012,"E 27 St & 1 Ave",36,40.7394,-73.9768,71,6004.06,http://app.citibikenyc.com/S6Lr/IBV092JufD?station_id=2012,0
2021,"W 45 St & 8 Ave",43,40.7593,-73.9886,71,6676.02,http://app.citibikenyc.com/S6Lr/IBV092JufD?station_id=2021,0
2022,"E 60 St & York Ave",33,40.7591,-73.9592,71,6682.08,http://app.citibikenyc.com/S6Lr/IBV092JufD?station_id=2022,0
2023,"E 55 St & Lexington Ave",36,40.7597,-73.9703,71,6732.07,http://app.citibikenyc.com/S6Lr/IBV092JufD?station_id=2023,0
3002,"South End Ave & Liberty St",25,40.7115,-74.0158,71,5184.07,http://app.citibikenyc.com/S6Lr/IBV092JufD?station_id=3002,1
3016,"Kent Ave & N 7 St",47,40.7204,-73.9616,71,5489.03,http://app.citibikenyc.com/S6Lr/IBV092JufD?station_id=3016,0
3041,"Kingston Ave & Herkimer St",24,40.6789,-73.9414,71,4205.06,http://app.citibikenyc.com/S6Lr/IBV092JufD?station_id=3041,0
3042,"Fulton St & Utica Ave",19,40.6794,-73.9299,71,4228.02,http://app.citibikenyc.com/S6Lr/IBV092JufD?station_id=3042,0
3043,"Lewis Ave & Decatur St",19,40.6815,-73.9349,71,4237.01,http://app.citibikenyc.com/S6Lr/IBV092JufD?station_id=3043,0
3044,"Albany Ave & Fulton St",27,40.68,-73.9385,71,4237.02,http://app.citibikenyc.com/S6Lr/IBV092JufD?station_id=3044,0
3046,"Marcus Garvey Blvd & Macon St",19,40.6826,-73.938,71,4278.03,http://app.citibikenyc.com/S6Lr/IBV092JufD?station_id=3046,0
3047,"Halsey St & Tompkins Ave",21,40.6824,-73.9441,71,4319.07,http://app.citibikenyc.com/S6Lr/IBV092JufD?station_id=3047,0
3048,"Putnam Ave & Nostrand Ave",19,40.684,-73.9498,71,4327.09,http://app.citibikenyc.com/S6Lr/IBV092JufD?station_id=3048,0
3049,"Cambridge Pl & Gates Ave",18,40.6849,-73.963,71,4377.04,http://app.citibikenyc.com/S6Lr/IBV092JufD?station_id=3049,0
3050,"Putnam Ave & Throop Ave",21,40.6852,-73.9411,71,4392.04,http://app.citibikenyc.com/S6Lr/IBV092JufD?station_id=3050,0
3052,"Lewis Ave & Madison St",23,40.6863,-73.9358,71,4425.02,http://app.citibikenyc.com/S6Lr/IBV092JufD?station_id=3052,0
3053,"Marcy Ave & Lafayette Ave",23,40.6901,-73.9479,71,4476.03,http://app.citibikenyc.com/S6Lr/IBV092JufD?station_id=3053,0
3054,"Greene Ave & Throop Ave",19,40.6895,-73.9421,71,4510.04,http://app.citibikenyc.com/S6Lr/IBV092JufD?station_id=3054,0
3055,"Greene Ave & Nostrand Ave",23,40.6883,-73.9509,71,4519.02,http://app.citibikenyc.com/S6Lr/IBV092JufD?station_id=3055,0
3056,"Kosciuszko St & Nostrand Ave",23,40.6907,-73.9513,71,4519.04,http://app.citibikenyc.com/S6Lr/IBV092JufD?station_id=3056,0
3057,"Kosciuszko St & Tompkins Ave",18,40.6913,-73.9452,71,4553.04,http://app.citibikenyc.com/S6Lr/IBV092JufD?station_id=3057,0
3058,"Lewis Ave & Kosciuszko St",24,40.6924,-73.9371,71,4617.01,http://app.citibikenyc.com/S6Lr/IBV092JufD?station_id=3058,0
3059,"Pulaski St & Marcus Garvey Blvd",19,40.6934,-73.9399,71,4656.03,http://app.citibikenyc.com/S6Lr/IBV092JufD?station_id=3059,0
3060,"Willoughby Ave & Tompkins Ave",19,40.6943,-73.9463,71,4665.02,http://app.citibikenyc.com/S6Lr/IBV092JufD?station_id=3060,0
3061,"Throop Ave & Myrtle Ave",21,40.6962,-73.9437,71,4697.01,http://app.citibikenyc.com/S6Lr/IBV092JufD?station_id=3061,0
3062,"Myrtle Ave & Marcy Ave",23,40.6954,-73.9495,71,4707.03,http://app.citibikenyc.com/S6Lr/IBV092JufD?station_id=3062,0
3063,"Nostrand Ave & Myrtle Ave",20,40.6953,-73.9524,71,4707.04,http://app.citibikenyc.com/S6Lr/IBV092JufD?station_id=3063,0
3064,"Myrtle Ave & Lewis Ave",23,40.6968,-73.9376,71,4729.01,http://app.citibikenyc.com/S6Lr/IBV092JufD?station_id=3064,0
3065,"Union Ave & Wallabout St",27,40.7003,-73.9503,71,4818.03,http://app.citibikenyc.com/S6Lr/IBV092JufD?station_id=3065,0
3066,"Tompkins Ave & Hopkins St",19,40.6996,-73.9471,71,4850.04,http://app.citibikenyc.com/S6Lr/IBV092JufD?station_id=3066,0
3067,"Broadway & Whipple St",27,40.7017,-73.9437,71,4883.03,http://app.citibikenyc.com/S6Lr/IBV092JufD?station_id=3067,0
3068,"Humboldt St & Varet St",24,40.7032,-73.9406,71,4956.02,http://app.citibikenyc.com/S6Lr/IBV092JufD?station_id=3068,0
3069,"Lorimer St & Broadway",25,40.7041,-73.9482,71,4965.01,http://app.citibikenyc.com/S6Lr/IBV092JufD?station_id=3069,0
3070,"McKibbin St & Manhattan Ave",23,40.7051,-73.9441,71,4996.08,http://app.citibikenyc.com/S6Lr/IBV092JufD?station_id=3070,0
3071,"Boerum St & Broadway",19,40.7054,-73.9498,71,5004.02,http://app.citibikenyc.com/S6Lr/IBV092JufD?station_id=3071,0
3072,"Leonard St & Boerum St",24,40.7058,-73.9464,71,5036.06,http://app.citibikenyc.com/S6Lr/IBV092JufD?station_id=3072,0
3073,"Division Ave & Hooper St",27,40.7069,-73.9544,71,5045.04,http://app.citibikenyc.com/S6Lr/IBV092JufD?station_id=3073,0
3074,"Montrose Ave & Bushwick Ave",26,40.7077,-73.9402,71,5068.02,http://app.citibikenyc.com/S6Lr/IBV092JufD?station_id=3074,0
3075,"Division Ave & Marcy Ave",33,40.7071,-73.958,71,5084.03,http://app.citibikenyc.com/S6Lr/IBV092JufD?station_id=3075,0
3076,"Scholes St & Manhattan Ave",24,40.7087,-73.9449,71,5108.01,http://app.citibikenyc.com/S6Lr/IBV092JufD?station_id=3076,0
3077,"Stagg St & Union Ave",33,40.7088,-73.951,71,5117.05,http://app.citibikenyc.com/S6Lr/IBV092JufD?station_id=3077,0
3078,"Broadway & Roebling St",27,40.7092,-73.9606,71,5125.07,http://app.citibikenyc.com/S6Lr/IBV092JufD?station_id=3078,0
3080,"S 4 St & Rodney St",21,40.7093,-73.9561,71,5156.05,http://app.citibikenyc.com/S6Lr/IBV092JufD?station_id=3080,0
3081,"Graham Ave & Grand St",23,40.7119,-73.944,71,5178.06,http://app.citibikenyc.com/S6Lr/IBV092JufD?station_id=3081,0
3082,"Hope St & Union Ave",25,40.7117,-73.9514,71,5187.03,http://app.citibikenyc.com/S6Lr/IBV092JufD?station_id=3082,0
3083,"Bushwick Ave & Powers St",30,40.7125,-73.941,71,5250.05,http://app.citibikenyc.com/S6Lr/IBV092JufD?station_id=3083,0
3085,"Roebling St & N 4 St",25,40.7147,-73.9574,71,5267.09,http://app.citibikenyc.com/S6Lr/IBV092JufD?station_id=3085,0
3086,"Graham Ave & Conselyea St",25,40.7151,-73.9445,71,5291.05,http://app.citibikenyc.com/S6Lr/IBV092JufD?station_id=3086,0
3087,"Metropolitan Ave & Meeker Ave",30,40.7141,-73.9523,71,5300.05,http://app.citibikenyc.com/S6Lr/IBV092JufD?station_id=3087,0
3088,"Union Ave & Jackson St",19,40.7161,-73.952,71,5300.06,http://app.citibikenyc.com/S6Lr/IBV092JufD?station_id=3088,0
3090,"N 8 St & Driggs Ave",31,40.7177,-73.956,71,5340.05,http://app.citibikenyc.com/S6Lr/IBV092JufD?station_id=3090,0
3091,"Frost St & Meeker St",31,40.7176,-73.9488,71,5371.06,http://app.citibikenyc.com/S6Lr/IBV092JufD?station_id=3091,0
3092,"Berry St & N 8 St",27,40.719,-73.9585,71,5379.09,http://app.citibikenyc.com/S6Lr/IBV092JufD?station_id=3092,0
3093,"N 6 St & Bedford Ave",28,40.7175,-73.9585,71,5379.10,http://app.citibikenyc.com/S6Lr/IBV092JufD?station_id=3093,0
3094,"Graham Ave & Withers St",18,40.717,-73.9449,71,5403.04,http://app.citibikenyc.com/S6Lr/IBV092JufD?station_id=3094,0
3095,"Graham Ave & Herbert St",23,40.7193,-73.945,71,5403.05,http://app.citibikenyc.com/S6Lr/IBV092JufD?station_id=3095,0
3096,"Union Ave & N 12 St",39,40.7192,-73.9524,71,5411.07,http://app.citibikenyc.com/S6Lr/IBV092JufD?station_id=3096,0
3100,"Nassau Ave & Newell St",39,40.7248,-73.9475,71,5623.03,http://app.citibikenyc.com/S6Lr/IBV092JufD?station_id=3100,0
3101,"N 12 St & Bedford Ave",27,40.7208,-73.9548,71,5450.04,http://app.citibikenyc.com/S6Lr/IBV092JufD?station_id=3101,0
3102,"Driggs Ave & Lorimer St",27,40.7218,-73.9504,71,5481.04,http://app.citibikenyc.com/S6Lr/IBV092JufD?station_id=3102,0
3105,"N 15 St & Wythe Ave",24,40.7241,-73.9557,71,5520.09,http://app.citibikenyc.com/S6Lr/IBV092JufD?station_id=3105,0
3106,"Driggs Ave & N Henry St",19,40.7233,-73.9431,71,5542.04,http://app.citibikenyc.com/S6Lr/IBV092JufD?station_id=3106,0
3107,"Bedford Ave & Nassau Ave",39,40.7231,-73.9521,71,5550.05,http://app.citibikenyc.com/S6Lr/IBV092JufD?station_id=3107,0
3108,"Nassau Ave & Russell St",24,40.7256,-73.9443,71,5581.01,http://app.citibikenyc.com/S6Lr/IBV092JufD?station_id=3108,0
3109,"Banker St & Meserole Ave",31,40.7261,-73.9562,71,5633.04,http://app.citibikenyc.com/S6Lr/IBV092JufD?station_id=3109,0
3110,"Meserole Ave & Manhattan Ave",27,40.7271,-73.953,71,5666.04,http://app.citibikenyc.com/S6Lr/IBV092JufD?station_id=3110,0
3112,"Milton St & Franklin St",33,40.7291,-73.9578,71,5752.07,http://app.citibikenyc.com/S6Lr/IBV092JufD?station_id=3112,0
3113,"Greenpoint Ave & Manhattan Ave",27,40.7303,-73.9539,71,5785.05,http://app.citibikenyc.com/S6Lr/IBV092JufD?station_id=3113,0
3115,"India St & Manhattan Ave",34,40.7323,-73.9551,71,5826.02,http://app.citibikenyc.com/S6Lr/IBV092JufD?station_id=3115,0
3116,"Huron St & Franklin St",45,40.7327,-73.9583,71,5869.04,http://app.citibikenyc.com/S6Lr/IBV092JufD?station_id=3116,0
3117,"Franklin St & Dupont St",27,40.7356,-73.9587,71,5944.01,http://app.citibikenyc.com/S6Lr/IBV092JufD?station_id=3117,0
3118,"McGuinness Blvd & Eagle St",30,40.7355,-73.9528,71,5977.01,http://app.citibikenyc.com/S6Lr/IBV092JufD?station_id=3118,0
3119,"Vernon Blvd & 50 Ave",45,40.7423,-73.9541,71,6170.02,http://app.citibikenyc.com/S6Lr/IBV092JufD?station_id=3119,0
3120,"Center Blvd & Borden Ave",20,40.7416,-73.9604,71,6179.05,http://app.citibikenyc.com/S6Lr/IBV092JufD?station_id=3120,0
3121,"Jackson Ave & 46 Rd",27,40.7452,-73.9473,71,6203.02,http://app.citibikenyc.com/S6Lr/IBV092JufD?station_id=3121,0
3122,"48 Ave & 5 St",31,40.7444,-73.9559,71,6212.04,http://app.citibikenyc.com/S6Lr/IBV092JufD?station_id=3122,0
3123,"31 St & Thomson Ave",27,40.7447,-73.9354,71,6227.02,http://app.citibikenyc.com/S6Lr/IBV092JufD?station_id=3123,0
3124,"46 Ave & 5 St",27,40.7473,-73.9545,71,6286.02,http://app.citibikenyc.com/S6Lr/IBV092JufD?station_id=3124,0
3125,"45 Rd & 11 St",23,40.7471,-73.9498,71,6319.01,http://app.citibikenyc.com/S6Lr/IBV092JufD?station_id=3125,0
3126,"44 Dr & Jackson Ave",34,40.7472,-73.9433,71,6352.01,http://app.citibikenyc.com/S6Lr/IBV092JufD?station_id=3126,0
3127,"9 St & 44 Rd",35,40.7497,-73.9521,71,6361.03,http://app.citibikenyc.com/S6Lr/IBV092JufD?station_id=3127,0
3128,"21 St & 43 Ave",23,40.7505,-73.9459,71,6395.01,http://app.citibikenyc.com/S6Lr/IBV092JufD?station_id=3128,0
3129,"Queens Plaza North & Crescent St",31,40.7511,-73.9407,71,6429.01,http://app.citibikenyc.com/S6Lr/IBV092JufD?station_id=3129,0
3130,"21 St & Queens Plaza North",31,40.7533,-73.9434,71,6471.02,http://app.citibikenyc.com/S6Lr/IBV092JufD?station_id=3130,0
3131,"E 68 St & 3 Ave",31,40.7671,-73.9622,71,6896.16,http://app.citibikenyc.com/S6Lr/IBV092JufD?station_id=3131,0
3132,"E 59 St & Madison Ave",35,40.7635,-73.9711,71,6801.01,http://app.citibikenyc.com/S6Lr/IBV092JufD?station_id=3132,0
3134,"3 Ave & E 62 St",51,40.7631,-73.9653,71,6762.04,http://app.citibikenyc.com/S6Lr/IBV092JufD?station_id=3134,0
3135,"E 75 St & 3 Ave",41,40.7711,-73.9577,71,6991.12,http://app.citibikenyc.com/S6Lr/IBV092JufD?station_id=3135,0
3136,"5 Ave & E 63 St",47,40.7664,-73.9715,71,6904.06,http://app.citibikenyc.com/S6Lr/IBV092JufD?station_id=3136,0
3137,"5 Ave & E 73 St",31,40.7728,-73.9669,71,7100.07,http://app.citibikenyc.com/S6Lr/IBV092JufD?station_id=3137,0
3139,"E 72 St & Park Ave",43,40.7712,-73.9641,71,6998.08,http://app.citibikenyc.com/S6Lr/IBV092JufD?station_id=3139,0
3140,"1 Ave & E 78 St",55,40.7714,-73.9535,71,7020.09,http://app.citibikenyc.com/S6Lr/IBV092JufD?station_id=3140,0
3141,"1 Ave & E 68 St",59,40.765,-73.9582,71,6822.09,http://app.citibikenyc.com/S6Lr/IBV092JufD?station_id=3141,0
3142,"1 Ave & E 62 St",41,40.7612,-73.9609,71,6753.08,http://app.citibikenyc.com/S6Lr/IBV092JufD?station_id=3142,0
3143,"5 Ave & E 78 St",47,40.7763,-73.9643,71,7161.08,http://app.citibikenyc.com/S6Lr/IBV092JufD?station_id=3143,0
3144,"E 81 St & Park Ave",46,40.7768,-73.959,71,7188.10,http://app.citibikenyc.com/S6Lr/IBV092JufD?station_id=3144,0
3145,"E 84 St & Park Ave",45,40.7786,-73.9577,71,7243.04,http://app.citibikenyc.com/S6Lr/IBV092JufD?station_id=3145,0
3146,"E 81 St & 3 Ave",47,40.7757,-73.9567,71,7154.07,http://app.citibikenyc.com/S6Lr/IBV092JufD?station_id=3146,0
3147,"E 85 St & 3 Ave",38,40.778,-73.9541,71,7212.05,http://app.citibikenyc.com/S6Lr/IBV092JufD?station_id=3147,0
3148,"E 84 St & 1 Ave",31,40.7757,-73.9507,71,7180.02,http://app.citibikenyc.com/S6Lr/IBV092JufD?station_id=3148,0
3150,"E 85 St & York Ave",47,40.7754,-73.948,71,7146.04,http://app.citibikenyc.com/S6Lr/IBV092JufD?station_id=3150,0
3151,"E 81 St & York Ave",43,40.7728,-73.9499,71,7084.12,http://app.citibikenyc.com/S6Lr/IBV092JufD?station_id=3151,0
3152,"3 Ave & E 71 St",41,40.7687,-73.9612,71,6960.10,http://app.citibikenyc.com/S6Lr/IBV092JufD?station_id=3152,0
3155,"Lexington Ave & E 63 St",39,40.7644,-73.9665,71,6830.08,http://app.citibikenyc.com/S6Lr/IBV092JufD?station_id=3155,0
3156,"E 72 St & York Ave",37,40.7666,-73.9535,71,6889.12,http://app.citibikenyc.com/S6Lr/IBV092JufD?station_id=3156,0
3157,"East End Ave & E 86 St",27,40.7752,-73.9445,71,7113.08,http://app.citibikenyc.com/S6Lr/IBV092JufD?station_id=3157,0
3158,"W 63 St & Broadway",31,40.7716,-73.9826,71,7052.01,http://app.citibikenyc.com/S6Lr/IBV092JufD?station_id=3158,0
3159,"W 67 St & Broadway",31,40.7749,-73.9827,71,7116.04,http://app.citibikenyc.com/S6Lr/IBV092JufD?station_id=3159,0
3160,"Central Park West & W 76 St",39,40.779,-73.9737,71,7253.04,http://app.citibikenyc.com/S6Lr/IBV092JufD?station_id=3160,1
3161,"W 76 St & Columbus Ave",59,40.7802,-73.9773,71,7281.09,http://app.citibikenyc.com/S6Lr/IBV092JufD?station_id=3161,0
3162,"W 78 St & Broadway",39,40.7834,-73.9809,71,7311.07,http://app.citibikenyc.com/S6Lr/IBV092JufD?station_id=3162,0
3163,"Central Park West & W 68 St",43,40.7734,-73.9778,71,7079.06,http://app.citibikenyc.com/S6Lr/IBV092JufD?station_id=3163,1
3164,"Columbus Ave & W 72 St",67,40.7771,-73.979,71,7175.05,http://app.citibikenyc.com/S6Lr/IBV092JufD?station_id=3164,0
3165,"Central Park West & W 72 St",51,40.7758,-73.9762,71,7141.07,http://app.citibikenyc.com/S6Lr/IBV092JufD?station_id=3165,1
3166,"Riverside Dr & W 72 St",41,40.7806,-73.9856,71,7288.04,http://app.citibikenyc.com/S6Lr/IBV092JufD?station_id=3166,0
3167,"Amsterdam Ave & W 73 St",55,40.7797,-73.9809,71,7260.09,http://app.citibikenyc.com/S6Lr/IBV092JufD?station_id=3167,0
3168,"Central Park West & W 85 St",31,40.7847,-73.9696,71,7354.02,http://app.citibikenyc.com/S6Lr/IBV092JufD?station_id=3168,1
3169,"Riverside Dr & W 82 St",39,40.7872,-73.9813,71,7388.10,http://app.citibikenyc.com/S6Lr/IBV092JufD?station_id=3169,0
3170,"W 84 St & Columbus Ave",35,40.785,-73.9728,71,7382.04,http://app.citibikenyc.com/S6Lr/IBV092JufD?station_id=3170,0
3171,"Amsterdam Ave & W 82 St",39,40.7852,-73.9767,71,7360.10,http://app.citibikenyc.com/S6Lr/IBV092JufD?station_id=3171,0
3172,"W 74 St & Columbus Ave",27,40.7786,-73.9775,71,7230.10,http://app.citibikenyc.com/S6Lr/IBV092JufD?station_id=3172,0
3173,"Riverside Blvd & W 67 St",39,40.7775,-73.9889,71,7183.03,http://app.citibikenyc.com/S6Lr/IBV092JufD?station_id=3173,0
3175,"W 70 St & Amsterdam Ave",1,40.7775,-73.9829,71,7207.08,http://app.citibikenyc.com/S6Lr/IBV092JufD?station_id=3175,0
3176,"W 64 St & West End Ave",43,40.7745,-73.9875,71,7087.09,http://app.citibikenyc.com/S6Lr/IBV092JufD?station_id=3176,0
3177,"W 84 St & Broadway",63,40.7868,-73.9771,71,7409.08,http://app.citibikenyc.com/S6Lr/IBV092JufD?station_id=3177,0
3178,"Riverside Dr & W 78 St",39,40.7841,-73.9836,71,7340.06,http://app.citibikenyc.com/S6Lr/IBV092JufD?station_id=3178,0
3179,"Park Ave & Marcus Garvey Blvd",23,40.6986,-73.9413,71,4768.02,http://app.citibikenyc.com/S6Lr/IBV092JufD?station_id=3179,0
3180,"Brooklyn Bridge Park - Pier 2",31,40.6988,-73.9971,71,4829.05,http://app.citibikenyc.com/S6Lr/IBV092JufD?station_id=3180,0
3182,"Yankee Ferry Terminal",42,40.6869,-74.017,71,4440.01,http://app.citibikenyc.com/S6Lr/IBV092JufD?station_id=3182,0
3221,"47 Ave & 31 St",27,40.743,-73.9356,71,6151.03,http://app.citibikenyc.com/S6Lr/IBV092JufD?station_id=3221,0
3223,"E 55 St & 3 Ave",53,40.759,-73.9687,71,6691.12,http://app.citibikenyc.com/S6Lr/IBV092JufD?station_id=3223,0
3226,"W 82 St & Central Park West",45,40.7827,-73.9714,71,7304.08,http://app.citibikenyc.com/S6Lr/IBV092JufD?station_id=3226,1
3231,"E 67 St & Park Ave",39,40.7678,-73.9659,71,6932.14,http://app.citibikenyc.com/S6Lr/IBV092JufD?station_id=3231,0
3232,"Bond St & Fulton St",31,40.6896,-73.983,71,4479.06,http://app.citibikenyc.com/S6Lr/IBV092JufD?station_id=3232,0
3233,"E 48 St & 5 Ave",39,40.7572,-73.9781,71,6626.01,http://app.citibikenyc.com/S6Lr/IBV092JufD?station_id=3233,0
3235,"E 41 St & Madison Ave",31,40.7522,-73.9799,71,6474.12,http://app.citibikenyc.com/S6Lr/IBV092JufD?station_id=3235,0
3236,"W 42 St & Dyer Ave",33,40.759,-73.9938,71,6644.07,http://app.citibikenyc.com/S6Lr/IBV092JufD?station_id=3236,0
3241,"Monroe St & Tompkins Ave",19,40.6862,-73.9447,71,4434.06,http://app.citibikenyc.com/S6Lr/IBV092JufD?station_id=3241,0
3242,"Schermerhorn St & Court St",32,40.691,-73.9918,71,4565.04,http://app.citibikenyc.com/S6Lr/IBV092JufD?station_id=3242,0
3243,"E 58 St & 1 Ave",29,40.7589,-73.9623,71,6682.03,http://app.citibikenyc.com/S6Lr/IBV092JufD?station_id=3243,0
3244,"University Pl & E 8 St",31,40.7314,-73.9949,71,5755.14,http://app.citibikenyc.com/S6Lr/IBV092JufD?station_id=3244,0
3249,"Verona Pl & Fulton St",19,40.6804,-73.9477,71,4124.04,http://app.citibikenyc.com/S6Lr/IBV092JufD?station_id=3249,0
3254,"Soissons Landing",29,40.6923,-74.0149,71,4590.01,http://app.citibikenyc.com/S6Lr/IBV092JufD?station_id=3254,0
3255,"8 Ave & W 31 St",19,40.7506,-73.9947,71,6450.05,http://app.citibikenyc.com/S6Lr/IBV092JufD?station_id=3255,0
3256,"Pier 40 - Hudson River Park",22,40.7277,-74.0113,71,5696.03,http://app.citibikenyc.com/S6Lr/IBV092JufD?station_id=3256,0
3258,"W 27 St & 10 Ave",37,40.7502,-74.0022,71,6382.08,http://app.citibikenyc.com/S6Lr/IBV092JufD?station_id=3258,0
3259,"9 Ave & W 28 St",27,40.7494,-73.9992,71,6416.08,http://app.citibikenyc.com/S6Lr/IBV092JufD?station_id=3259,0
3260,"Mercer St & Bleecker St",31,40.7271,-73.9966,71,5679.05,http://app.citibikenyc.com/S6Lr/IBV092JufD?station_id=3260,0
3263,"Cooper Square & Astor Pl",59,40.7295,-73.9908,71,5712.03,http://app.citibikenyc.com/S6Lr/IBV092JufD?station_id=3263,0
3282,"5 Ave & E 88 St",38,40.7831,-73.9594,71,7323.10,http://app.citibikenyc.com/S6Lr/IBV092JufD?station_id=3282,1
3283,"W 89 St & Columbus Ave",47,40.7882,-73.9704,71,7432.09,http://app.citibikenyc.com/S6Lr/IBV092JufD?station_id=3283,0
3284,"E 88 St & Park Ave",38,40.7814,-73.956,71,7293.10,http://app.citibikenyc.com/S6Lr/IBV092JufD?station_id=3284,0
3285,"W 87 St & Amsterdam Ave",43,40.7884,-73.9747,71,7458.03,http://app.citibikenyc.com/S6Lr/IBV092JufD?station_id=3285,0
3286,"E 89 St & 3 Ave",0,40.7806,-73.9522,71,7265.10,http://app.citibikenyc.com/S6Lr/IBV092JufD?station_id=3286,0
3288,"E 88 St & 1 Ave",39,40.7783,-73.9488,71,7235.13,http://app.citibikenyc.com/S6Lr/IBV092JufD?station_id=3288,0
3289,"W 90 St & Amsterdam Ave",32,40.7902,-73.9729,71,7432.04,http://app.citibikenyc.com/S6Lr/IBV092JufD?station_id=3289,0
3290,"E 89 St & York Ave",3,40.7779,-73.946,71,7204.08,http://app.citibikenyc.com/S6Lr/IBV092JufD?station_id=3290,0
3292,"5 Ave & E 93 St",43,40.7858,-73.9575,71,7372.10,http://app.citibikenyc.com/S6Lr/IBV092JufD?station_id=3292,1
3293,"W 92 St & Broadway",24,40.7921,-73.9739,71,7502.01,http://app.citibikenyc.com/S6Lr/IBV092JufD?station_id=3293,0
3294,"E 91 St & Park Ave",38,40.7835,-73.9553,71,7344.05,http://app.citibikenyc.com/S6Lr/IBV092JufD?station_id=3294,1
3295,"Central Park W & W 96 St",59,40.7913,-73.9648,71,7499.05,http://app.citibikenyc.com/S6Lr/IBV092JufD?station_id=3295,1
3296,"E 93 St & 2 Ave",42,40.7825,-73.9489,71,7286.02,http://app.citibikenyc.com/S6Lr/IBV092JufD?station_id=3296,0
3297,"6 St & 7 Ave",21,40.6687,-73.9799,71,3834.10,http://app.citibikenyc.com/S6Lr/IBV092JufD?station_id=3297,0
3298,"Warren St & Court St",23,40.6864,-73.9938,71,4413.08,http://app.citibikenyc.com/S6Lr/IBV092JufD?station_id=3298,0
3299,"E 98 St & Park Ave",25,40.7881,-73.9521,71,7443.17,http://app.citibikenyc.com/S6Lr/IBV092JufD?station_id=3299,0
3300,"Prospect Park West & 8 St",25,40.6651,-73.9764,71,3722.04,http://app.citibikenyc.com/S6Lr/IBV092JufD?station_id=3300,1
3301,"Columbus Ave & W 95 St",39,40.792,-73.9681,71,7520.07,http://app.citibikenyc.com/S6Lr/IBV092JufD?station_id=3301,0
3302,"Columbus Ave & W 103 St",22,40.7969,-73.9643,71,7595.17,http://app.citibikenyc.com/S6Lr/IBV092JufD?station_id=3302,0
3303,"Butler St & Court St",25,40.685,-73.9944,71,4339.01,http://app.citibikenyc.com/S6Lr/IBV092JufD?station_id=3303,0
3304,"6 Ave & 9 St",27,40.6681,-73.9838,71,3803.09,http://app.citibikenyc.com/S6Lr/IBV092JufD?station_id=3304,0
3305,"E 91 St & 2 Ave",39,40.7811,-73.9497,71,7286.01,http://app.citibikenyc.com/S6Lr/IBV092JufD?station_id=3305,0
3306,"10 St & 7 Ave",23,40.6662,-73.982,71,3762.08,http://app.citibikenyc.com/S6Lr/IBV092JufD?station_id=3306,0
3307,"West End Ave & W 94 St",31,40.7942,-73.9741,71,7524.09,http://app.citibikenyc.com/S6Lr/IBV092JufD?station_id=3307,0
3308,"Kane St & Clinton St",27,40.6862,-73.9965,71,4455.11,http://app.citibikenyc.com/S6Lr/IBV092JufD?station_id=3308,0
3309,"E 97 St & 3 Ave",30,40.7859,-73.9486,71,7365.08,http://app.citibikenyc.com/S6Lr/IBV092JufD?station_id=3309,0
3310,"14 St & 7 Ave",24,40.6638,-73.984,71,3731.11,http://app.citibikenyc.com/S6Lr/IBV092JufD?station_id=3310,0
3311,"Columbia St & Kane St",21,40.6876,-74.0016,71,4422.05,http://app.citibikenyc.com/S6Lr/IBV092JufD?station_id=3311,0
3312,"1 Ave & E 94 St",39,40.7817,-73.9459,71,7286.05,http://app.citibikenyc.com/S6Lr/IBV092JufD?station_id=3312,0
3313,"6 Ave & 12 St",29,40.6663,-73.9855,71,3803.05,http://app.citibikenyc.com/S6Lr/IBV092JufD?station_id=3313,0
3314,"W 95 St & Broadway",32,40.7938,-73.9719,71,7541.01,http://app.citibikenyc.com/S6Lr/IBV092JufD?station_id=3314,0
3315,"Henry St & Degraw St",23,40.6847,-73.9992,71,4380.08,http://app.citibikenyc.com/S6Lr/IBV092JufD?station_id=3315,0
3317,"10 St & 5 Ave",24,40.6686,-73.987,71,3842.08,http://app.citibikenyc.com/S6Lr/IBV092JufD?station_id=3317,0
3318,"2 Ave & E 96 St",39,40.784,-73.9472,71,7338.02,http://app.citibikenyc.com/S6Lr/IBV092JufD?station_id=3318,0
3319,"14 St & 5 Ave",21,40.6663,-73.989,71,3771.06,http://app.citibikenyc.com/S6Lr/IBV092JufD?station_id=3319,0
3320,"Central Park West & W 100 St",49,40.7941,-73.9629,71,7538.12,http://app.citibikenyc.com/S6Lr/IBV092JufD?station_id=3320,1
3321,"Clinton St & Union St",25,40.6831,-73.9979,71,4266.03,http://app.citibikenyc.com/S6Lr/IBV092JufD?station_id=3321,0
3322,"12 St & 4 Ave",25,40.6686,-73.9904,71,3882.01,http://app.citibikenyc.com/S6Lr/IBV092JufD?station_id=3322,0
3323,"W 106 St & Central Park West",59,40.7982,-73.9606,71,7606.01,http://app.citibikenyc.com/S6Lr/IBV092JufD?station_id=3323,1
3324,"3 Ave & 14 St",25,40.6685,-73.9933,71,3850.03,http://app.citibikenyc.com/S6Lr/IBV092JufD?station_id=3324,0
3326,"Clinton St & Centre St",21,40.6743,-74.0019,71,4045.01,http://app.citibikenyc.com/S6Lr/IBV092JufD?station_id=3326,0
3327,"3 Ave & E 100 St",27,40.7877,-73.9473,71,7414.17,http://app.citibikenyc.com/S6Lr/IBV092JufD?station_id=3327,0
3328,"W 100 St & Manhattan Ave",39,40.795,-73.9645,71,7538.14,http://app.citibikenyc.com/S6Lr/IBV092JufD?station_id=3328,0
3329,"Degraw St & Smith St",27,40.6829,-73.9932,71,4298.05,http://app.citibikenyc.com/S6Lr/IBV092JufD?station_id=3329,0
3330,"Henry St & Bay St",19,40.6725,-74.0049,71,3972.08,http://app.citibikenyc.com/S6Lr/IBV092JufD?station_id=3330,0
3331,"Riverside Dr & W 104 St",39,40.8013,-73.9711,71,7623.13,http://app.citibikenyc.com/S6Lr/IBV092JufD?station_id=3331,1
3332,"Degraw St & Hoyt St",19,40.682,-73.9908,71,4258.07,http://app.citibikenyc.com/S6Lr/IBV092JufD?station_id=3332,0
3333,"Columbia St & Lorraine St",21,40.6747,-74.0076,71,4103.08,http://app.citibikenyc.com/S6Lr/IBV092JufD?station_id=3333,0
3335,"Union St & 4 Ave",28,40.6773,-73.9828,71,4175.15,http://app.citibikenyc.com/S6Lr/IBV092JufD?station_id=3335,0
3336,"E 97 St & Madison Ave",41,40.7878,-73.9536,71,7393.09,http://app.citibikenyc.com/S6Lr/IBV092JufD?station_id=3336,0
3337,"Dwight St & Van Dyke St",23,40.6736,-74.012,71,3981.10,http://app.citibikenyc.com/S6Lr/IBV092JufD?station_id=3337,0
3338,"2 Ave & E 99 St",31,40.7863,-73.9455,71,7386.10,http://app.citibikenyc.com/S6Lr/IBV092JufD?station_id=3338,0
3339,"Berkeley Pl & 6 Ave",23,40.6765,-73.9785,71,4134.06,http://app.citibikenyc.com/S6Lr/IBV092JufD?station_id=3339,0
3340,"Wolcott St & Dwight St",21,40.6753,-74.0101,71,4054.02,http://app.citibikenyc.com/S6Lr/IBV092JufD?station_id=3340,0
3341,"Central Park West & W 102 St",41,40.7953,-73.9619,71,7577.24,http://app.citibikenyc.com/S6Lr/IBV092JufD?station_id=3341,1
3342,"Pioneer St & Richards St",23,40.6778,-74.0095,71,4128.08,http://app.citibikenyc.com/S6Lr/IBV092JufD?station_id=3342,0
3343,"W 107 St & Columbus Ave",23,40.7998,-73.9621,71,7619.05,http://app.citibikenyc.com/S6Lr/IBV092JufD?station_id=3343,0
3344,"Pioneer St & Van Brunt St",19,40.679,-74.0112,71,4169.04,http://app.citibikenyc.com/S6Lr/IBV092JufD?station_id=3344,0
3345,"Madison Ave & E 99 St",35,40.7895,-73.9524,71,7443.01,http://app.citibikenyc.com/S6Lr/IBV092JufD?station_id=3345,0
3346,"Berkeley Pl & 7 Ave",29,40.6751,-73.9752,71,4051.01,http://app.citibikenyc.com/S6Lr/IBV092JufD?station_id=3346,0
3347,"Van Brunt St & Wolcott St",21,40.6773,-74.0127,71,4095.03,http://app.citibikenyc.com/S6Lr/IBV092JufD?station_id=3347,0
3348,"Coffey St & Conover St",19,40.6772,-74.0157,71,4137.10,http://app.citibikenyc.com/S6Lr/IBV092JufD?station_id=3348,0
3349,"Grand Army Plaza & Plaza St West",30,40.673,-73.9709,71,4010.15,http://app.citibikenyc.com/S6Lr/IBV092JufD?station_id=3349,0
3350,"W 100 St & Broadway",39,40.7974,-73.9704,71,7580.01,http://app.citibikenyc.com/S6Lr/IBV092JufD?station_id=3350,0
3351,"E 102 St & 1 Ave",25,40.787,-73.9417,71,7407.13,http://app.citibikenyc.com/S6Lr/IBV092JufD?station_id=3351,0
3352,"Sigourney St & Columbia St",21,40.6727,-74.0088,71,3940.04,http://app.citibikenyc.com/S6Lr/IBV092JufD?station_id=3352,0
3354,"3 St & Prospect Park West",31,40.6681,-73.9736,71,3865.05,http://app.citibikenyc.com/S6Lr/IBV092JufD?station_id=3354,1
3355,"E 66 St & Madison Ave",25,40.768,-73.9685,71,6969.08,http://app.citibikenyc.com/S6Lr/IBV092JufD?station_id=3355,0
3356,"Amsterdam Ave & W 66 St",21,40.7747,-73.9847,71,7149.05,http://app.citibikenyc.com/S6Lr/IBV092JufD?station_id=3356,0
3357,"W 106 St & Amsterdam Ave",35,40.8008,-73.9664,71,7634.01,http://app.citibikenyc.com/S6Lr/IBV092JufD?station_id=3357,0
3358,"Garfield Pl & 8 Ave",25,40.6712,-73.9748,71,3978.13,http://app.citibikenyc.com/S6Lr/IBV092JufD?station_id=3358,0
3359,"E 68 St & Madison Ave",35,40.7692,-73.967,71,6932.15,http://app.citibikenyc.com/S6Lr/IBV092JufD?station_id=3359,0
3360,"Amsterdam Ave & W 79 St",25,40.7829,-73.9787,71,7311.02,http://app.citibikenyc.com/S6Lr/IBV092JufD?station_id=3360,0
3361,"Carroll St & 6 Ave",23,40.6741,-73.9787,71,4019.06,http://app.citibikenyc.com/S6Lr/IBV092JufD?station_id=3361,0
3362,"Madison Ave & E 82 St",34,40.7781,-73.9607,71,7188.13,http://app.citibikenyc.com/S6Lr/IBV092JufD?station_id=3362,0
3363,"E 102 St & Park Ave",33,40.7905,-73.9503,71,7488.24,http://app.citibikenyc.com/S6Lr/IBV092JufD?station_id=3363,0
3364,"Carroll St & 5 Ave",27,40.6752,-73.9815,71,4060.09,http://app.citibikenyc.com/S6Lr/IBV092JufD?station_id=3364,0
3365,"3 St & 7 Ave",27,40.6704,-73.9784,71,3905.15,http://app.citibikenyc.com/S6Lr/IBV092JufD?station_id=3365,0
3366,"West End Ave & W 107 St",31,40.8021,-73.9682,71,7650.05,http://app.citibikenyc.com/S6Lr/IBV092JufD?station_id=3366,0
3367,"5 Ave & E 103 St",39,40.7923,-73.9525,71,7511.19,http://app.citibikenyc.com/S6Lr/IBV092JufD?station_id=3367,1
3368,"5 Ave & 3 St",30,40.6728,-73.9835,71,3987.06,http://app.citibikenyc.com/S6Lr/IBV092JufD?station_id=3368,0
3369,"E 82 St & East End Ave",29,40.7725,-73.9468,71,7049.04,http://app.citibikenyc.com/S6Lr/IBV092JufD?station_id=3369,0
3370,"E 78 St & 2 Ave",25,40.7728,-73.9558,71,7057.07,http://app.citibikenyc.com/S6Lr/IBV092JufD?station_id=3370,0
3371,"4 Ave & 2 St",27,40.6746,-73.985,71,4028.05,http://app.citibikenyc.com/S6Lr/IBV092JufD?station_id=3371,0
3372,"E 74 St & 1 Ave",39,40.769,-73.9548,71,6953.08,http://app.citibikenyc.com/S6Lr/IBV092JufD?station_id=3372,0
3373,"3 St & 3 Ave",27,40.6751,-73.9878,71,4028.03,http://app.citibikenyc.com/S6Lr/IBV092JufD?station_id=3373,0
3374,"Central Park North & Adam Clayton Powell Blvd",36,40.7995,-73.9556,71,7617.07,http://app.citibikenyc.com/S6Lr/IBV092JufD?station_id=3374,1
3375,"3 Ave & E 72 St",35,40.7699,-73.9606,71,7028.04,http://app.citibikenyc.com/S6Lr/IBV092JufD?station_id=3375,0
3376,"E 65 St & 2 Ave",39,40.7647,-73.9622,71,6860.12,http://app.citibikenyc.com/S6Lr/IBV092JufD?station_id=3376,0
3378,"E 76 St & Park Ave",28,40.7738,-73.9622,71,7128.08,http://app.citibikenyc.com/S6Lr/IBV092JufD?station_id=3378,0
3379,"E 103 St & Lexington Ave",35,40.7903,-73.9476,71,7463.09,http://app.citibikenyc.com/S6Lr/IBV092JufD?station_id=3379,0
3381,"3 St & Hoyt St",3,40.6777,-73.9936,71,4110.10,http://app.citibikenyc.com/S6Lr/IBV092JufD?station_id=3381,0
3382,"Carroll St & Smith St",31,40.6806,-73.9948,71,4225.14,http://app.citibikenyc.com/S6Lr/IBV092JufD?station_id=3382,0
3383,"Cathedral Pkwy & Broadway",25,40.8042,-73.967,71,7680.03,http://app.citibikenyc.com/S6Lr/IBV092JufD?station_id=3383,0
3384,"Smith St & 3 St",25,40.6787,-73.996,71,4151.01,http://app.citibikenyc.com/S6Lr/IBV092JufD?station_id=3384,0
3386,"1 Pl & Clinton St",27,40.681,-73.9991,71,4193.14,http://app.citibikenyc.com/S6Lr/IBV092JufD?station_id=3386,0
3387,"E 106 St & Madison Ave",25,40.7934,-73.9494,71,7528.31,http://app.citibikenyc.com/S6Lr/IBV092JufD?station_id=3387,0
3388,"President St & Henry St",25,40.6828,-73.9999,71,4307.13,http://app.citibikenyc.com/S6Lr/IBV092JufD?station_id=3388,0
3389,"Carroll St & Columbia St",28,40.683,-74.0035,71,4348.07,http://app.citibikenyc.com/S6Lr/IBV092JufD?station_id=3389,0
3390,"E 109 St & 3 Ave",24,40.7933,-73.9432,71,7504.12,http://app.citibikenyc.com/S6Lr/IBV092JufD?station_id=3390,0
3391,"E 106 St & 1 Ave",25,40.7893,-73.9396,71,7456.03,http://app.citibikenyc.com/S6Lr/IBV092JufD?station_id=3391,0
3392,"Commerce St & Van Brunt St",19,40.6812,-74.0086,71,4243.01,http://app.citibikenyc.com/S6Lr/IBV092JufD?station_id=3392,0
3393,"Richards St & Delavan St",19,40.6794,-74.0079,71,4202.04,http://app.citibikenyc.com/S6Lr/IBV092JufD?station_id=3393,0
3394,"Columbia St & W 9 St",21,40.677,-74.0065,71,4086.05,http://app.citibikenyc.com/S6Lr/IBV092JufD?station_id=3394,0
3396,"Clinton St & 4 Place",25,40.6784,-74.0001,71,4119.04,http://app.citibikenyc.com/S6Lr/IBV092JufD?station_id=3396,0
3397,"Court St & Nelson St",25,40.6764,-73.9987,71,4077.07,http://app.citibikenyc.com/S6Lr/IBV092JufD?station_id=3397,0
3398,"Smith St & 9 St",23,40.6747,-73.9979,71,4077.04,http://app.citibikenyc.com/S6Lr/IBV092JufD?station_id=3398,0
3399,"7 St & 3 Ave",24,40.6726,-73.9898,71,3996.01,http://app.citibikenyc.com/S6Lr/IBV092JufD?station_id=3399,0
3400,"E 110 St & Madison Ave",24,40.7962,-73.9478,71,7587.14,http://app.citibikenyc.com/S6Lr/IBV092JufD?station_id=3400,1
3401,"2 Ave & 9 St",19,40.6725,-73.9933,71,3996.04,http://app.citibikenyc.com/S6Lr/IBV092JufD?station_id=3401,0
3402,"Court St & State St",23,40.6902,-73.992,71,4488.08,http://app.citibikenyc.com/S6Lr/IBV092JufD?station_id=3402,0
3403,"4 Ave & 9 St",31,40.6705,-73.9888,71,3955.05,http://app.citibikenyc.com/S6Lr/IBV092JufD?station_id=3403,0
3404,"7 St & 5 Ave",27,40.6705,-73.9854,71,3914.02,http://app.citibikenyc.com/S6Lr/IBV092JufD?station_id=3404,0
3405,"5 St & 6 Ave",23,40.6705,-73.9821,71,3874.01,http://app.citibikenyc.com/S6Lr/IBV092JufD?station_id=3405,0
3407,"Union St & Nevins St",23,40.6791,-73.9877,71,4143.03,http://app.citibikenyc.com/S6Lr/IBV092JufD?station_id=3407,0
3408,"Congress St & Clinton St",27,40.6882,-73.9952,71,4455.07,http://app.citibikenyc.com/S6Lr/IBV092JufD?station_id=3408,0
3409,"Bergen St & Smith St",35,40.6867,-73.9906,71,4446.01,http://app.citibikenyc.com/S6Lr/IBV092JufD?station_id=3409,0
3410,"Dean St & Hoyt St",31,40.6864,-73.9876,71,4446.05,http://app.citibikenyc.com/S6Lr/IBV092JufD?station_id=3410,0
3411,"Bond St & Bergen St",27,40.685,-73.9862,71,4404.10,http://app.citibikenyc.com/S6Lr/IBV092JufD?station_id=3411,0
3412,"Pacific St & Nevins St",18,40.6854,-73.983,71,4362.04,http://app.citibikenyc.com/S6Lr/IBV092JufD?station_id=3412,0
3413,"Wyckoff St & 3 Ave",22,40.6828,-73.9826,71,4290.06,http://app.citibikenyc.com/S6Lr/IBV092JufD?station_id=3413,0
3414,"Bergen St & Flatbush Ave",33,40.6809,-73.9757,71,4281.08,http://app.citibikenyc.com/S6Lr/IBV092JufD?station_id=3414,0
3415,"Prospect Pl & 6 Ave",25,40.6793,-73.9752,71,4166.08,http://app.citibikenyc.com/S6Lr/IBV092JufD?station_id=3415,0
3417,"Baltic St & 5 Ave",27,40.6796,-73.9785,71,4208.11,http://app.citibikenyc.com/S6Lr/IBV092JufD?station_id=3417,0
3418,"Plaza St West & Flatbush Ave",33,40.675,-73.9711,71,4010.13,http://app.citibikenyc.com/S6Lr/IBV092JufD?station_id=3418,1
3419,"Douglass St & 4 Ave",27,40.6793,-73.9815,71,4175.14,http://app.citibikenyc.com/S6Lr/IBV092JufD?station_id=3419,0
3420,"Douglass St & 3 Ave",21,40.6802,-73.9843,71,4217.02,http://app.citibikenyc.com/S6Lr/IBV092JufD?station_id=3420,0
3421,"Hoyt St & Warren St",23,40.6844,-73.989,71,4330.09,http://app.citibikenyc.com/S6Lr/IBV092JufD?station_id=3421,0
3422,"Columbia St & Degraw St",21,40.6859,-74.0024,71,4422.04,http://app.citibikenyc.com/S6Lr/IBV092JufD?station_id=3422,0
3423,"West Drive & Prospect Park West",29,40.6611,-73.9795,71,3651.04,http://app.citibikenyc.com/S6Lr/IBV092JufD?station_id=3423,1
3424,"E 106 St & Lexington Ave",27,40.792,-73.946,71,7504.18,http://app.citibikenyc.com/S6Lr/IBV092JufD?station_id=3424,0
3425,"2 Ave & E 104 St",33,40.7892,-73.9437,71,7436.11,http://app.citibikenyc.com/S6Lr/IBV092JufD?station_id=3425,0
3427,"Lafayette St & Jersey St",40,40.7243,-73.996,71,5561.08,http://app.citibikenyc.com/S6Lr/IBV092JufD?station_id=3427,0
3429,"Hanson Pl & Ashland Pl",39,40.6851,-73.9779,71,4395.07,http://app.citibikenyc.com/S6Lr/IBV092JufD?station_id=3429,0
3430,"Richardson St & N Henry St",19,40.7191,-73.9422,71,5433.03,http://app.citibikenyc.com/S6Lr/IBV092JufD?station_id=3430,0
3431,"E 35 St & 3 Ave",23,40.7465,-73.9779,71,6313.02,http://app.citibikenyc.com/S6Lr/IBV092JufD?station_id=3431,0
3434,"W 88 St & West End Ave",0,40.7903,-73.9772,71,7484.07,http://app.citibikenyc.com/S6Lr/IBV092JufD?station_id=3434,0
3435,"Grand St & Elizabeth St",45,40.7188,-73.996,71,5382.06,http://app.citibikenyc.com/S6Lr/IBV092JufD?station_id=3435,0
3437,"Riverside Dr & W 91 St",39,40.7931,-73.977,71,7524.16,http://app.citibikenyc.com/S6Lr/IBV092JufD?station_id=3437,0
3438,"E 76 St & 3 Ave",31,40.7722,-73.9584,71,7092.07,http://app.citibikenyc.com/S6Lr/IBV092JufD?station_id=3438,0
3440,"Fulton St & Adams St",43,40.6924,-73.9895,71,4637.06,http://app.citibikenyc.com/S6Lr/IBV092JufD?station_id=3440,0
3443,"W 52 St & 6 Ave",41,40.7613,-73.9798,71,6740.01,http://app.citibikenyc.com/S6Lr/IBV092JufD?station_id=3443,0
3447,"E 71 St & 1 Ave",3,40.767,-73.9562,71,6889.05,http://app.citibikenyc.com/S6Lr/IBV092JufD?station_id=3447,0
3449,"Eckford St & Engert Ave",18,40.7215,-73.948,71,5512.05,http://app.citibikenyc.com/S6Lr/IBV092JufD?station_id=3449,0
3452,"Bayard St & Leonard St",43,40.7192,-73.9489,71,5442.05,http://app.citibikenyc.com/S6Lr/IBV092JufD?station_id=3452,0
3453,"Devoe St & Lorimer St",4,40.7134,-73.9491,71,5259.06,http://app.citibikenyc.com/S6Lr/IBV092JufD?station_id=3453,0
3454,"Leonard St & Maujer St",24,40.7104,-73.9471,71,5148.03,http://app.citibikenyc.com/S6Lr/IBV092JufD?station_id=3454,0
3456,"Jackson St & Leonard St",22,40.7164,-73.9482,71,5332.10,http://app.citibikenyc.com/S6Lr/IBV092JufD?station_id=3456,0
3457,"E 58 St & Madison Ave",46,40.763,-73.9721,71,6839.04,http://app.citibikenyc.com/S6Lr/IBV092JufD?station_id=3457,0
3458,"W 55 St & 6 Ave",40,40.7631,-73.9783,71,6809.08,http://app.citibikenyc.com/S6Lr/IBV092JufD?station_id=3458,0
3459,"E 53 St & 3 Ave",34,40.7576,-73.9693,71,6617.02,http://app.citibikenyc.com/S6Lr/IBV092JufD?station_id=3459,0
3461,"Murray St & Greenwich St",33,40.7149,-74.0112,71,5288.12,http://app.citibikenyc.com/S6Lr/IBV092JufD?station_id=3461,0
3462,"E 44 St & 2 Ave",39,40.7512,-73.9714,71,6422.09,http://app.citibikenyc.com/S6Lr/IBV092JufD?station_id=3462,0
3463,"E 16 St & Irving Pl",37,40.7354,-73.988,71,5938.11,http://app.citibikenyc.com/S6Lr/IBV092JufD?station_id=3463,0
3466,"W 45 St & 6 Ave",34,40.7567,-73.9826,71,6593.03,http://app.citibikenyc.com/S6Lr/IBV092JufD?station_id=3466,0
3467,"W Broadway & Spring Street",42,40.7249,-74.0017,71,5569.06,http://app.citibikenyc.com/S6Lr/IBV092JufD?station_id=3467,0
3469,"India St & West St",23,40.7318,-73.96,71,5794.03,http://app.citibikenyc.com/S6Lr/IBV092JufD?station_id=3469,0
3472,"W 15 St & 10 Ave",39,40.7428,-74.0075,71,6115.09,http://app.citibikenyc.com/S6Lr/IBV092JufD?station_id=3472,0
3474,"6 Ave & Spring St",36,40.7253,-74.0041,71,5610.10,http://app.citibikenyc.com/S6Lr/IBV092JufD?station_id=3474,0
3476,"Norman Ave & Leonard St",3,40.7258,-73.9507,71,5666.06,http://app.citibikenyc.com/S6Lr/IBV092JufD?station_id=3476,0
3477,"39 St & 2 Ave - Citi Bike HQ at Industry City",33,40.6554,-74.0106,71,3501.01,http://app.citibikenyc.com/S6Lr/IBV092JufD?station_id=3477,0
3478,"2 Ave & 36 St - Citi Bike HQ at Industry City",43,40.6571,-74.0087,71,3460.01,http://app.citibikenyc.com/S6Lr/IBV092JufD?station_id=3478,0
3479,"Picnic Point",45,40.6851,-74.0254,71,4374.01,http://app.citibikenyc.com/S6Lr/IBV092JufD?station_id=3479,0
3486,"Schermerhorn St & Bond St",30,40.6884,-73.9845,71,4479.08,http://app.citibikenyc.com/S6Lr/IBV092JufD?station_id=3486,0
3489,"Gold St & Frankfort St",31,40.7107,-74.0035,71,5137.12,http://app.citibikenyc.com/S6Lr/IBV092JufD?station_id=3489,1
3490,"E 116 St & 2 Ave",31,40.7969,-73.9373,71,7563.06,http://app.citibikenyc.com/S6Lr/IBV092JufD?station_id=3490,0
3491,"E 118 St & 1 Ave",24,40.7975,-73.935,71,7596.10,http://app.citibikenyc.com/S6Lr/IBV092JufD?station_id=3491,0
3492,"E 118 St & Park Ave",27,40.8005,-73.942,71,7625.18,http://app.citibikenyc.com/S6Lr/IBV092JufD?station_id=3492,0
3493,"E 118 St & 3 Ave",31,40.7991,-73.9389,71,7611.02,http://app.citibikenyc.com/S6Lr/IBV092JufD?station_id=3493,0
3494,"E 115 St & Lexington Ave",25,40.7979,-73.9423,71,7599.09,http://app.citibikenyc.com/S6Lr/IBV092JufD?station_id=3494,0
3495,"E 114 St & 1 Ave",26,40.7946,-73.9363,71,7540.02,http://app.citibikenyc.com/S6Lr/IBV092JufD?station_id=3495,0
3496,"1 Ave & E 110 St",25,40.7923,-73.9383,71,7522.02,http://app.citibikenyc.com/S6Lr/IBV092JufD?station_id=3496,0
3497,"Pleasant Ave & E 116 St",23,40.795,-73.9333,71,7450.05,http://app.citibikenyc.com/S6Lr/IBV092JufD?station_id=3497,0
3498,"Pleasant Ave & E 120 St",21,40.7975,-73.9312,71,7579.01,http://app.citibikenyc.com/S6Lr/IBV092JufD?station_id=3498,0
3499,"2 Ave & E 122 St",25,40.8007,-73.9349,71,7622.12,http://app.citibikenyc.com/S6Lr/IBV092JufD?station_id=3499,0
3500,"E 115 St & Madison Ave",31,40.7989,-73.9448,71,7599.02,http://app.citibikenyc.com/S6Lr/IBV092JufD?station_id=3500,0
3501,"E 118 St & Madison Ave",29,40.8015,-73.9443,71,7640.04,http://app.citibikenyc.com/S6Lr/IBV092JufD?station_id=3501,0
3502,"Lexington Ave & E 111 St",29,40.7954,-73.9441,71,7567.06,http://app.citibikenyc.com/S6Lr/IBV092JufD?station_id=3502,0
3503,"Madison Ave & E 120 St",30,40.803,-73.943,71,7667.04,http://app.citibikenyc.com/S6Lr/IBV092JufD?station_id=3503,0
3504,"E 123 St & Lexington Ave",27,40.8029,-73.9379,71,7636.05,http://app.citibikenyc.com/S6Lr/IBV092JufD?station_id=3504,0
3505,"Lexington Ave & E 127 St",33,40.8057,-73.9363,71,7662.13,http://app.citibikenyc.com/S6Lr/IBV092JufD?station_id=3505,0
3506,"Lexington Ave & E 120 St",29,40.8013,-73.9398,71,7652.04,http://app.citibikenyc.com/S6Lr/IBV092JufD?station_id=3506,0
3507,"Park Ave & E 124 St",36,40.8046,-73.9397,71,7682.01,http://app.citibikenyc.com/S6Lr/IBV092JufD?station_id=3507,0
3508,"St Nicholas Ave & Manhattan Ave",31,40.8097,-73.9531,71,7723.01,http://app.citibikenyc.com/S6Lr/IBV092JufD?station_id=3508,0
3509,"Lenox Ave & W 115 St",31,40.8012,-73.9501,71,7627.10,http://app.citibikenyc.com/S6Lr/IBV092JufD?station_id=3509,0
3510,"Adam Clayton Powell Blvd & W 123 St",31,40.8078,-73.9494,71,7704.04,http://app.citibikenyc.com/S6Lr/IBV092JufD?station_id=3510,0
3511,"Adam Clayton Powell Blvd & W 115 St",22,40.8025,-73.9532,71,7643.18,http://app.citibikenyc.com/S6Lr/IBV092JufD?station_id=3511,0
3512,"27 Ave & 4 St",19,40.7747,-73.9338,71,7132.01,http://app.citibikenyc.com/S6Lr/IBV092JufD?station_id=3512,0
3513,"21 St & Hoyt Ave S",21,40.7746,-73.9237,71,7126.01,http://app.citibikenyc.com/S6Lr/IBV092JufD?station_id=3513,0
3514,"Astoria Park S & Shore Blvd",23,40.7767,-73.9276,71,7159.08,http://app.citibikenyc.com/S6Lr/IBV092JufD?station_id=3514,0
3515,"24 Ave & 26 St",19,40.7746,-73.9185,71,7152.10,http://app.citibikenyc.com/S6Lr/IBV092JufD?station_id=3515,0
3516,"31 St & Astoria Blvd",31,40.7699,-73.9184,71,6989.07,http://app.citibikenyc.com/S6Lr/IBV092JufD?station_id=3516,0
3517,"31 St & Hoyt Ave N",35,40.7712,-73.917,71,7018.01,http://app.citibikenyc.com/S6Lr/IBV092JufD?station_id=3517,0
3518,"Lenox Ave & W 126 St",34,40.8084,-73.9452,71,7720.03,http://app.citibikenyc.com/S6Lr/IBV092JufD?station_id=3518,0
3519,"28 Ave & 43 St",0,40.7643,-73.9112,71,6812.12,http://app.citibikenyc.com/S6Lr/IBV092JufD?station_id=3519,0
3520,"Adam Clayton Powell Blvd & W 118 St",27,40.8044,-73.9515,71,7670.09,http://app.citibikenyc.com/S6Lr/IBV092JufD?station_id=3520,0
3521,"Lenox Ave & W 111 St",36,40.7988,-73.9523,71,7602.05,http://app.citibikenyc.com/S6Lr/IBV092JufD?station_id=3521,0
3522,"37 St & 24 Ave",19,40.7701,-73.9121,71,6981.16,http://app.citibikenyc.com/S6Lr/IBV092JufD?station_id=3522,0
3523,"24 Ave & 29 St",25,40.7729,-73.9161,71,7119.04,http://app.citibikenyc.com/S6Lr/IBV092JufD?station_id=3523,0
3524,"19 St & 24 Ave",23,40.7775,-73.9225,71,7186.15,http://app.citibikenyc.com/S6Lr/IBV092JufD?station_id=3524,0
3525,"23 Ave & 27 St",21,40.7762,-73.9153,71,7178.02,http://app.citibikenyc.com/S6Lr/IBV092JufD?station_id=3525,0
3526,"31 St & 23 Ave",27,40.7748,-73.9126,71,7144.01,http://app.citibikenyc.com/S6Lr/IBV092JufD?station_id=3526,0
3527,"5 Ave & E 126 St",27,40.807,-73.9417,71,7701.19,http://app.citibikenyc.com/S6Lr/IBV092JufD?station_id=3527,0
3528,"Steinway St & 23 Ave",21,40.7714,-73.9077,71,7009.02,http://app.citibikenyc.com/S6Lr/IBV092JufD?station_id=3528,0
3529,"Lenox Ave & W 130 St",25,40.8108,-73.9431,71,7753.13,http://app.citibikenyc.com/S6Lr/IBV092JufD?station_id=3529,0
3530,"Crescent St & Ditmars Blvd",19,40.7787,-73.9146,71,7233.05,http://app.citibikenyc.com/S6Lr/IBV092JufD?station_id=3530,0
3531,"Frederick Douglass Blvd & W 129 St",27,40.8125,-73.9492,71,7795.09,http://app.citibikenyc.com/S6Lr/IBV092JufD?station_id=3531,0
3532,"Ditmars Blvd & 19 St",27,40.7814,-73.9183,71,7291.06,http://app.citibikenyc.com/S6Lr/IBV092JufD?station_id=3532,0
3533,"St. Nicholas Ave & W 126 St",34,40.8114,-73.9519,71,7756.10,http://app.citibikenyc.com/S6Lr/IBV092JufD?station_id=3533,0
3534,"Frederick Douglass Blvd & W 117 St",39,40.8052,-73.9547,71,7688.12,http://app.citibikenyc.com/S6Lr/IBV092JufD?station_id=3534,0
3535,"Mt Morris Park W & W 120 St",27,40.804,-73.9459,71,7685.14,http://app.citibikenyc.com/S6Lr/IBV092JufD?station_id=3535,0
3536,"W 116 St & Broadway",43,40.8082,-73.9641,71,7713.11,http://app.citibikenyc.com/S6Lr/IBV092JufD?station_id=3536,0
3537,"Carlton Ave & Dean St",29,40.681,-73.971,71,4199.12,http://app.citibikenyc.com/S6Lr/IBV092JufD?station_id=3537,0
3538,"W 110 St & Amsterdam Ave",45,40.8027,-73.963,71,7646.04,http://app.citibikenyc.com/S6Lr/IBV092JufD?station_id=3538,0
3539,"W 116 St & Amsterdam Ave",43,40.8068,-73.9607,71,7692.11,http://app.citibikenyc.com/S6Lr/IBV092JufD?station_id=3539,0
3540,"Morningside Ave & W 123 St",35,40.81,-73.9552,71,7741.01,http://app.citibikenyc.com/S6Lr/IBV092JufD?station_id=3540,0
3541,"Amsterdam Ave & W 125 St",39,40.8134,-73.9565,71,7800.03,http://app.citibikenyc.com/S6Lr/IBV092JufD?station_id=3541,0
3542,"Amsterdam Ave & W 119 St",29,40.8086,-73.9596,71,7727.07,http://app.citibikenyc.com/S6Lr/IBV092JufD?station_id=3542,0
3543,"Morningside Dr & Amsterdam Ave",35,40.8103,-73.9574,71,7741.04,http://app.citibikenyc.com/S6Lr/IBV092JufD?station_id=3543,0
3544,"Underhill Ave & Pacific St",27,40.6805,-73.9647,71,4231.04,http://app.citibikenyc.com/S6Lr/IBV092JufD?station_id=3544,0
3545,"Broadway & W 122 St",33,40.8121,-73.9613,71,7783.18,http://app.citibikenyc.com/S6Lr/IBV092JufD?station_id=3545,0
3546,"Pacific St & Classon Ave",21,40.6792,-73.9588,71,4148.07,http://app.citibikenyc.com/S6Lr/IBV092JufD?station_id=3546,0
3547,"Broadway & Moylan Pl",41,40.8143,-73.959,71,7823.03,http://app.citibikenyc.com/S6Lr/IBV092JufD?station_id=3547,0
3549,"Grand Ave & Bergen St",25,40.678,-73.9624,71,4190.06,http://app.citibikenyc.com/S6Lr/IBV092JufD?station_id=3549,0
3551,"3 Ave & E 112 St",23,40.7955,-73.9416,71,7543.15,http://app.citibikenyc.com/S6Lr/IBV092JufD?station_id=3551,0
3552,"W 113 St & Broadway",39,40.806,-73.9649,71,7713.01,http://app.citibikenyc.com/S6Lr/IBV092JufD?station_id=3552,0
3553,"Frederick Douglass Blvd & W 112 St",37,40.8017,-73.9571,71,7631.23,http://app.citibikenyc.com/S6Lr/IBV092JufD?station_id=3553,0
3554,"Vernon Blvd & 41 Rd",27,40.7552,-73.9486,71,6514.08,http://app.citibikenyc.com/S6Lr/IBV092JufD?station_id=3554,0
3555,"28 St & 41 Ave",27,40.751,-73.938,71,6462.19,http://app.citibikenyc.com/S6Lr/IBV092JufD?station_id=3555,0
3556,"24 St & 41 Ave",19,40.7527,-73.9397,71,6505.01,http://app.citibikenyc.com/S6Lr/IBV092JufD?station_id=3556,0
3557,"40 Ave & 9 St",19,40.7574,-73.9451,71,6664.05,http://app.citibikenyc.com/S6Lr/IBV092JufD?station_id=3557,0
3558,"Bergen St & Vanderbilt Ave",27,40.6794,-73.968,71,4157.10,http://app.citibikenyc.com/S6Lr/IBV092JufD?station_id=3558,0
3559,"21 St & 38 Ave",19,40.7576,-73.9391,71,6656.05,http://app.citibikenyc.com/S6Lr/IBV092JufD?station_id=3559,0
3560,"28 St & 38 Ave",19,40.7549,-73.9343,71,6538.03,http://app.citibikenyc.com/S6Lr/IBV092JufD?station_id=3560,0
3561,"37 Ave & 35 St",26,40.7531,-73.928,71,6529.02,http://app.citibikenyc.com/S6Lr/IBV092JufD?station_id=3561,0
3562,"Classon Ave & St Marks Ave",27,40.6765,-73.9596,71,4074.03,http://app.citibikenyc.com/S6Lr/IBV092JufD?station_id=3562,0
3563,"28 St & 36 Ave",21,40.7572,-73.9327,71,6614.01,http://app.citibikenyc.com/S6Lr/IBV092JufD?station_id=3563,0
3564,"21 St & 36 Ave",19,40.7602,-73.9363,71,6729.02,http://app.citibikenyc.com/S6Lr/IBV092JufD?station_id=3564,0
3565,"36 Ave & 10 St",19,40.7614,-73.9411,71,6737.03,http://app.citibikenyc.com/S6Lr/IBV092JufD?station_id=3565,0
3566,"Crescent St & 35 Ave",25,40.7596,-73.9321,71,6688.01,http://app.citibikenyc.com/S6Lr/IBV092JufD?station_id=3566,0
3567,"11 St & 35 Ave",19,40.7627,-73.9391,71,6768.04,http://app.citibikenyc.com/S6Lr/IBV092JufD?station_id=3567,0
3568,"34 St & 35 Ave",21,40.7569,-73.9262,71,6605.08,http://app.citibikenyc.com/S6Lr/IBV092JufD?station_id=3568,0
3569,"Franklin Ave & St Marks Ave",29,40.6758,-73.9562,71,4107.05,http://app.citibikenyc.com/S6Lr/IBV092JufD?station_id=3569,0
3570,"35 Ave & 37 St",31,40.7557,-73.9237,71,6563.12,http://app.citibikenyc.com/S6Lr/IBV092JufD?station_id=3570,0
3571,"Bedford Ave & Bergen St",24,40.6764,-73.9529,71,4066.15,http://app.citibikenyc.com/S6Lr/IBV092JufD?station_id=3571,0
3572,"34 Ave & 38 St",33,40.7569,-73.9216,71,6638.01,http://app.citibikenyc.com/S6Lr/IBV092JufD?station_id=3572,0
3573,"35 St & 34 Ave",25,40.7581,-73.9243,71,6679.11,http://app.citibikenyc.com/S6Lr/IBV092JufD?station_id=3573,0
3574,"Prospect Pl & Underhill Ave",23,40.677,-73.9658,71,4116.08,http://app.citibikenyc.com/S6Lr/IBV092JufD?station_id=3574,0
3575,"Crescent St & 34 Ave",19,40.7611,-73.9306,71,6759.15,http://app.citibikenyc.com/S6Lr/IBV092JufD?station_id=3575,0
3576,"Park Pl & Vanderbilt Ave",27,40.6767,-73.969,71,4083.13,http://app.citibikenyc.com/S6Lr/IBV092JufD?station_id=3576,0
3577,"34 Ave & 21 St",23,40.7628,-73.9343,71,6798.01,http://app.citibikenyc.com/S6Lr/IBV092JufD?station_id=3577,0
3578,"Park Pl & Franklin Ave",21,40.6742,-73.9565,71,4033.06,http://app.citibikenyc.com/S6Lr/IBV092JufD?station_id=3578,0
3579,"Sterling Pl & Bedford Ave",25,40.6727,-73.9541,71,3993.03,http://app.citibikenyc.com/S6Lr/IBV092JufD?station_id=3579,0
3580,"St Johns Pl & Washington Ave",30,40.6737,-73.9632,71,4001.09,http://app.citibikenyc.com/S6Lr/IBV092JufD?station_id=3580,0
3581,"Underhill Ave & Lincoln Pl",27,40.674,-73.9671,71,4042.08,http://app.citibikenyc.com/S6Lr/IBV092JufD?station_id=3581,0
3582,"Lincoln Pl & Classon Ave",28,40.6722,-73.9609,71,3960.01,http://app.citibikenyc.com/S6Lr/IBV092JufD?station_id=3582,0
3583,"Eastern Pkwy & Washington Ave",31,40.6716,-73.9631,71,3928.08,http://app.citibikenyc.com/S6Lr/IBV092JufD?station_id=3583,0
3584,"Eastern Pkwy & Franklin Ave",42,40.6708,-73.9577,71,3919.07,http://app.citibikenyc.com/S6Lr/IBV092JufD?station_id=3584,0
3585,"Union St & Bedford Ave",24,40.6692,-73.9554,71,3879.04,http://app.citibikenyc.com/S6Lr/IBV092JufD?station_id=3585,0
3586,"34 Ave & 13 St",19,40.7639,-73.9365,71,6836.07,http://app.citibikenyc.com/S6Lr/IBV092JufD?station_id=3586,0
3587,"Carroll St & Washington Ave",27,40.6687,-73.9618,71,3887.03,http://app.citibikenyc.com/S6Lr/IBV092JufD?station_id=3587,0
3588,"Vernon Blvd & 10 St",21,40.7672,-73.9374,71,6937.07,http://app.citibikenyc.com/S6Lr/IBV092JufD?station_id=3588,0
3589,"Broadway & 12 St",19,40.7668,-73.9348,71,6901.01,http://app.citibikenyc.com/S6Lr/IBV092JufD?station_id=3589,0
3590,"Carroll St & Franklin Ave",19,40.6679,-73.9588,71,3847.04,http://app.citibikenyc.com/S6Lr/IBV092JufD?station_id=3590,0
3591,"21 St & 31 Dr",21,40.7659,-73.9308,71,6865.03,http://app.citibikenyc.com/S6Lr/IBV092JufD?station_id=3591,0
3592,"Crescent St & Broadway",12,40.7634,-73.9286,71,6827.11,http://app.citibikenyc.com/S6Lr/IBV092JufD?station_id=3592,0
3593,"31 St & Broadway",35,40.7616,-73.9259,71,6789.04,http://app.citibikenyc.com/S6Lr/IBV092JufD?station_id=3593,0
3595,"35 St & Broadway",18,40.7603,-73.9222,71,6750.16,http://app.citibikenyc.com/S6Lr/IBV092JufD?station_id=3595,0
3596,"Sullivan Pl & Bedford Ave",19,40.6642,-73.9575,71,3736.04,http://app.citibikenyc.com/S6Lr/IBV092JufD?station_id=3596,0
3597,"43 St & Broadway",25,40.7577,-73.9166,71,6670.03,http://app.citibikenyc.com/S6Lr/IBV092JufD?station_id=3597,0
3598,"Newton Rd & 44 St",19,40.7596,-73.9143,71,6743.06,http://app.citibikenyc.com/S6Lr/IBV092JufD?station_id=3598,0
3599,"Franklin Ave & Empire Blvd",27,40.6631,-73.9606,71,3704.01,http://app.citibikenyc.com/S6Lr/IBV092JufD?station_id=3599,0
3601,"Sterling St & Bedford Ave",19,40.6627,-73.9569,71,3665.06,http://app.citibikenyc.com/S6Lr/IBV092JufD?station_id=3601,0
3602,"31 Ave & 34 St",23,40.7632,-73.9208,71,6819.15,http://app.citibikenyc.com/S6Lr/IBV092JufD?station_id=3602,0
3603,"31 Ave & 30 St",21,40.7647,-73.924,71,6857.09,http://app.citibikenyc.com/S6Lr/IBV092JufD?station_id=3603,0
3604,"Rogers Ave & Sterling St",17,40.6631,-73.9539,71,3696.05,http://app.citibikenyc.com/S6Lr/IBV092JufD?station_id=3604,0
3605,"31 Ave & Crescent St",21,40.7658,-73.9265,71,6893.10,http://app.citibikenyc.com/S6Lr/IBV092JufD?station_id=3605,0
3606,"49 Ave & 21 St",21,40.7425,-73.9489,71,6128.04,http://app.citibikenyc.com/S6Lr/IBV092JufD?station_id=3606,0
3607,"31 Ave & 14 St",19,40.7682,-73.9323,71,6966.04,http://app.citibikenyc.com/S6Lr/IBV092JufD?station_id=3607,0
3608,"5 St & 51 Ave",21,40.7424,-73.9566,71,6137.04,http://app.citibikenyc.com/S6Lr/IBV092JufD?station_id=3608,0
3609,"Vernon Blvd & 31 Ave",23,40.7692,-73.9354,71,7003.06,http://app.citibikenyc.com/S6Lr/IBV092JufD?station_id=3609,0
3610,"Vernon Blvd & 30 Rd",27,40.7708,-73.9342,71,7003.03,http://app.citibikenyc.com/S6Lr/IBV092JufD?station_id=3610,0
3611,"Vernon Blvd & 47 Rd",35,40.7449,-73.9535,71,6212.08,http://app.citibikenyc.com/S6Lr/IBV092JufD?station_id=3611,0
3612,"30 Ave & 21 St",15,40.7704,-73.9286,71,6996.01,http://app.citibikenyc.com/S6Lr/IBV092JufD?station_id=3612,0
3613,"Center Blvd & 48 Ave",27,40.745,-73.9575,71,6254.06,http://app.citibikenyc.com/S6Lr/IBV092JufD?station_id=3613,0
3614,"Crescent St & 30 Ave",23,40.7687,-73.925,71,6958.06,http://app.citibikenyc.com/S6Lr/IBV092JufD?station_id=3614,0
3615,"44 Dr & 21 St",21,40.748,-73.9461,71,6278.04,http://app.citibikenyc.com/S6Lr/IBV092JufD?station_id=3615,0
3616,"Steinway St & 28 Ave",25,40.7656,-73.9137,71,6915.02,http://app.citibikenyc.com/S6Lr/IBV092JufD?station_id=3616,0
3617,"28 Ave & 35 St",25,40.7671,-73.917,71,6951.03,http://app.citibikenyc.com/S6Lr/IBV092JufD?station_id=3617,0
3618,"27 St & Hunter St",25,40.7485,-73.9413,71,6310.06,http://app.citibikenyc.com/S6Lr/IBV092JufD?station_id=3618,0
3619,"Newtown Ave & 23 St",19,40.7714,-73.9246,71,7026.08,http://app.citibikenyc.com/S6Lr/IBV092JufD?station_id=3619,0
3620,"11 St & 43 Ave",23,40.7519,-73.9479,71,6438.04,http://app.citibikenyc.com/S6Lr/IBV092JufD?station_id=3620,0
3621,"27 Ave & 9 St",19,40.774,-73.9309,71,7098.05,http://app.citibikenyc.com/S6Lr/IBV092JufD?station_id=3621,0
3622,"E 128 St & Madison Ave",15,40.8076,-73.9392,71,7735.23,http://app.citibikenyc.com/S6Lr/IBV092JufD?station_id=3622,0
3623,"W 120 St & Claremont Ave",39,40.811,-73.9634,71,7745.07,http://app.citibikenyc.com/S6Lr/IBV092JufD?station_id=3623,0
3625,"28 St & 40 Ave",22,40.7526,-73.9364,71,6462.17,http://app.citibikenyc.com/S6Lr/IBV092JufD?station_id=3625,0
3628,"Lenox Ave & W 117 St",31,40.8026,-73.9491,71,7655.22,http://app.citibikenyc.com/S6Lr/IBV092JufD?station_id=3628,0
3629,"Adam Clayton Powell Blvd & W 126 St",33,40.8095,-73.9478,71,7738.04,http://app.citibikenyc.com/S6Lr/IBV092JufD?station_id=3629,0
3630,"Coming Soon: Frederick Douglass Blvd & W 115 St",0,40.8039,-73.9559,71,7658.13,http://app.citibikenyc.com/S6Lr/IBV092JufD?station_id=3630,0
3631,"Crown St & Bedford Ave",27,40.6666,-73.9567,71,3808.06,http://app.citibikenyc.com/S6Lr/IBV092JufD?station_id=3631,0
3632,"E 12 St & Avenue B",33,40.7281,-73.9788,71,5659.10,http://app.citibikenyc.com/S6Lr/IBV092JufD?station_id=3632,0
3635,"W 36 St & 9 Ave",41,40.7546,-73.9952,71,6569.07,http://app.citibikenyc.com/S6Lr/IBV092JufD?station_id=3635,0
3637,"Fulton St & Waverly Ave",31,40.6832,-73.966,71,4345.11,http://app.citibikenyc.com/S6Lr/IBV092JufD?station_id=3637,0
3641,"Broadway & W 25 St",54,40.7429,-73.9892,71,6173.08,http://app.citibikenyc.com/S6Lr/IBV092JufD?station_id=3641,0
3646,"35 Ave & 10 St",26,40.7632,-73.9399,71,6806.06,http://app.citibikenyc.com/S6Lr/IBV092JufD?station_id=3646,0
3647,"48 Ave & 30 Pl",23,40.7413,-73.9373,71,6076.01,http://app.citibikenyc.com/S6Lr/IBV092JufD?station_id=3647,0
3648,"Flushing Ave & Vanderbilt Ave",25,40.6979,-73.9708,71,4762.05,http://app.citibikenyc.com/S6Lr/IBV092JufD?station_id=3648,0
3649,"W 129 St & Convent Ave",30,40.8144,-73.9532,71,7818.17,http://app.citibikenyc.com/S6Lr/IBV092JufD?station_id=3649,0
3653,"31 St & 35 Ave",19,40.7582,-73.9283,71,6647.10,http://app.citibikenyc.com/S6Lr/IBV092JufD?station_id=3653,0
3654,"31 St & Northern Blvd",35,40.7519,-73.9335,71,6495.17,http://app.citibikenyc.com/S6Lr/IBV092JufD?station_id=3654,0
3656,"E 2 St & Avenue A",31,40.7231,-73.9858,71,5553.10,http://app.citibikenyc.com/S6Lr/IBV092JufD?station_id=3656,0
3658,"W 18 St & 9 Ave",3,40.7435,-74.0037,71,6190.03,http://app.citibikenyc.com/S6Lr/IBV092JufD?station_id=3658,0
3659,"W 17 St & 9 Ave",25,40.743,-74.0041,71,6190.06,http://app.citibikenyc.com/S6Lr/IBV092JufD?station_id=3659,0
3660,"W 16 St & 8 Ave",39,40.741,-74.0014,71,6148.01,http://app.citibikenyc.com/S6Lr/IBV092JufD?station_id=3660,0
3661,"Montgomery St & Franklin Ave",19,40.6664,-73.9606,71,3776.05,http://app.citibikenyc.com/S6Lr/IBV092JufD?station_id=3661,0
3662,"31 Ave & Steinway St",21,40.7613,-73.9169,71,6782.07,http://app.citibikenyc.com/S6Lr/IBV092JufD?station_id=3662,0
3663,"Sterling Pl & 7 Ave",3,40.6772,-73.9738,71,4125.12,http://app.citibikenyc.com/S6Lr/IBV092JufD?station_id=3663,0
3664,"North Moore St & Greenwich St",30,40.7202,-74.0103,71,5470.12,http://app.citibikenyc.com/S6Lr/IBV092JufD?station_id=3664,0
3666,"32 St & 30 Ave",35,40.7664,-73.9206,71,6923.18,http://app.citibikenyc.com/S6Lr/IBV092JufD?station_id=3666,0
3668,"Leonard St & Nassau Ave",26,40.724,-73.9498,71,5550.09,http://app.citibikenyc.com/S6Lr/IBV092JufD?station_id=3668,0
3669,"Henry St & W 9 St",19,40.6763,-74.0031,71,4119.05,http://app.citibikenyc.com/S6Lr/IBV092JufD?station_id=3669,0
3671,"E 81 St & 2 Ave",37,40.7748,-73.9543,71,7121.05,http://app.citibikenyc.com/S6Lr/IBV092JufD?station_id=3671,0
3673,"Dean St & Franklin Ave",21,40.6776,-73.9556,71,4107.13,http://app.citibikenyc.com/S6Lr/IBV092JufD?station_id=3673,0
3674,"Jay St & York St",27,40.7014,-73.9867,71,4895.09,http://app.citibikenyc.com/S6Lr/IBV092JufD?station_id=3674,0
3675,"3 Ave & E 95 St",31,40.7846,-73.9497,71,7365.15,http://app.citibikenyc.com/S6Lr/IBV092JufD?station_id=3675,0
3676,"Van Brunt St & Van Dyke St",24,40.6758,-74.0147,71,4095.10,http://app.citibikenyc.com/S6Lr/IBV092JufD?station_id=3676,0
3680,"E 43 St & 5 Ave",55,40.7541,-73.9803,71,6551.03,http://app.citibikenyc.com/S6Lr/IBV092JufD?station_id=3680,0
3684,"W 12 St & W 4 St",43,40.7376,-74.004,71,5997.02,http://app.citibikenyc.com/S6Lr/IBV092JufD?station_id=3684,0
3686,"Gansevoort St & Hudson St",39,40.7394,-74.0051,71,6072.14,http://app.citibikenyc.com/S6Lr/IBV092JufD?station_id=3686,0
3687,"E 33 St & 1 Ave",59,40.7432,-73.9745,71,6197.08,http://app.citibikenyc.com/S6Lr/IBV092JufD?station_id=3687,0
3688,"2 Ave & E 55 St",29,40.7579,-73.9664,71,6650.08,http://app.citibikenyc.com/S6Lr/IBV092JufD?station_id=3688,0
3689,"W 104 St & Amsterdam Ave",47,40.799,-73.9665,71,7610.13,http://app.citibikenyc.com/S6Lr/IBV092JufD?station_id=3689,0
3690,"Park Pl & Church St",36,40.7133,-74.0094,71,5288.08,http://app.citibikenyc.com/S6Lr/IBV092JufD?station_id=3690,0
3691,"28 Ave & 44 St",19,40.7641,-73.9107,71,6879.04,http://app.citibikenyc.com/S6Lr/IBV092JufD?station_id=3691,0
3692,"5 St & Market St",15,40.7,-73.9744,71,4843.01,http://app.citibikenyc.com/S6Lr/IBV092JufD?station_id=3692,0
3693,"N 11 St & Kent Ave",27,40.7225,-73.9592,71,5489.04,http://app.citibikenyc.com/S6Lr/IBV092JufD?station_id=3693,0
